image_index,edsr_mse,edsr_psnr,edsr_ssim,bicubic_mse,bicubic_psnr,bicubic_ssim,psnr_improvement,ssim_improvement,mse_reduction
0,0.00020949346071574837,36.78829528876159,0.9108008541294836,0.0002391476446064189,36.21333892188933,0.8948458268799779,0.5749563668722573,0.015955027249505704,2.9654183890670538e-05
1,0.000590138603001833,32.29045975731551,0.8668417875421977,0.0006609514821320772,31.798304192067427,0.8438392675872843,0.49215556524808335,0.023002519954913314,7.081287913024426e-05
2,0.0004520166548900306,33.44845562990431,0.8328851261514685,0.0005087574245408177,32.93489239853053,0.8035700005324178,0.5135632313737801,0.029315125619050697,5.6740769650787115e-05
3,0.0003670600417535752,34.352628903270016,0.8905772249174555,0.0004149175947532058,33.820381483423716,0.8702131877808793,0.5322474198462999,0.020364037136576196,4.785755299963057e-05
4,0.00032999718678183854,34.81489762456451,0.8913030210604356,0.00035241388832218945,34.529469847581794,0.8780073170625629,0.28542777698271493,0.013295703997872721,2.2416701540350914e-05
5,0.0005286835948936641,32.76804165588259,0.8513587948796805,0.000601982232183218,32.20416326979153,0.8249552729185258,0.5638783860910621,0.026403521961154697,7.329863728955388e-05
6,0.0005775097524747252,32.384406773921896,0.857067368499034,0.0007039346382953227,31.524676640759086,0.8190479383518019,0.8597301331628096,0.03801943014723208,0.0001264248858205974
7,0.00021901112631894648,36.595338213417136,0.8889296327333911,0.00024093023966997862,36.18108687350759,0.8733653850716786,0.41425133990954777,0.015564247661712494,2.1919113351032138e-05
8,0.0005669386009685695,32.46463972331796,0.8689071727195831,0.0006688607390969992,31.746642955916084,0.8384602874606308,0.7179967674018748,0.030446885258952228,0.00010192213812842965
9,0.0004054241580888629,33.92090376481456,0.8732565869839406,0.00046637988998554647,33.31260184356677,0.8493970719348058,0.6083019212477936,0.02385951504913475,6.0955731896683574e-05
10,0.0007147694122977555,31.458340408817442,0.8826099615689913,0.000854729616548866,30.681712473911563,0.8528798198611907,0.7766279349058784,0.02973014170780064,0.00013996020425111055
11,0.000694853428285569,31.581067954098874,0.8705928430912002,0.0007995169726200402,30.971723123592888,0.8424353124764515,0.6093448305059859,0.028157530614748683,0.00010466354433447123
12,0.00029106589499861,35.36008679073845,0.8574687929266352,0.00031859660521149635,34.96758856111062,0.8386177582394966,0.392498229627833,0.018851034687138668,2.7530710212886333e-05
13,0.0003038763243239373,35.17303135444947,0.898392578548595,0.0003374038788024336,34.71849929059252,0.8831803798927077,0.4545320638569521,0.015212198655887299,3.352755447849631e-05
14,0.0007339724106714129,31.343202644958588,0.8993327981502433,0.0009402973810210824,30.26734773515715,0.8715556550678579,1.0758549098014392,0.027777143082385325,0.00020632497034966946
15,0.0003694052866194397,34.32496893591983,0.8913494201750715,0.0004186473961453885,33.781516056218315,0.8716073572107293,0.5434528797015119,0.01974206296434211,4.924210952594876e-05
16,0.0005137242842465639,32.892699042678686,0.8461056767503093,0.0005994560196995735,32.22242674287302,0.8122696074751251,0.6702722998056672,0.03383606927518423,8.57317354530096e-05
17,0.0002651553659234196,35.76499579681186,0.8758819894735006,0.00029075241764076054,35.36476665374488,0.8579704915942988,0.40022914306698,0.017911497879201765,2.5597051717340946e-05
18,0.00019602965039666742,37.07678234614154,0.9245544016462354,0.00024319627846125513,36.14043075189218,0.9073329848834023,0.9363515942493592,0.017221416762833064,4.716662806458771e-05
19,0.00038081256207078695,34.19288733743343,0.8720132484804319,0.0004167582665104419,33.801157770686096,0.8541308819543371,0.39172956674733683,0.017882366526094873,3.5945704439654946e-05
20,0.000530099670868367,32.75642465420992,0.9163073635564783,0.0006537000881507993,31.84621456469904,0.8976638201775642,0.9102100895108833,0.018643543378914162,0.00012360041728243232
21,0.0005031877662986517,32.982699261748195,0.9025406235742897,0.0006001944420859218,32.217080305416076,0.8788755263888843,0.7656189563321192,0.023665097185405326,9.700667578727007e-05
22,0.0014063486596569419,28.519069963905178,0.7672793193404788,0.0015122848562896252,28.203663967562782,0.7359217329159438,0.3154059963423954,0.03135758642453501,0.00010593619663268328
23,0.0004228715260978788,33.7379155693135,0.8588257563173785,0.00048638464068062603,33.13020147906725,0.8322954877585427,0.6077140902462475,0.02653026855883578,6.351311458274722e-05
24,0.0008144929306581616,30.89112680771647,0.8494350164883895,0.0008667490910738707,30.62106605099093,0.8309995125992471,0.27006075672554175,0.01843550388914239,5.225616041570902e-05
25,0.00023799098562449217,36.2343949238753,0.897033600085579,0.00028978486079722643,35.379243070772915,0.8785014556732367,0.8551518531023845,0.0185321444123423,5.179387517273426e-05
26,0.0003980598412454128,34.00051634536606,0.8779233712655298,0.00045844988198950887,33.38708134726984,0.8513584675028187,0.613434998096217,0.026564903762711034,6.039004074409604e-05
27,0.00019423062622081488,37.11682289618469,0.9053578562994489,0.00021711993031203747,36.63300309077772,0.8919352893676289,0.48381980540697356,0.01342256693181998,2.2889304091222584e-05
28,0.00016195290663745254,37.90611253116734,0.9048297708467133,0.0001725306356092915,37.631337777226086,0.8946497641004235,0.2747747539412515,0.010180006746289827,1.0577728971838951e-05
29,0.00020852970192208886,36.80832077562358,0.90915331935915,0.00022119014465715736,36.552342273509055,0.9000983193513727,0.2559785021145231,0.009055000007777259,1.26604427350685e-05
30,0.0005460764514282346,32.62746551234613,0.8642468287311951,0.0005941146519035101,32.26129737031866,0.8415419940661495,0.36616814202746895,0.02270483466504558,4.8038200475275517e-05
31,0.0003331039915792644,34.77420163134515,0.8797531111440697,0.0003850262437481433,34.14509667565365,0.8574250306694092,0.6291049556915027,0.022328080474660505,5.192225216887891e-05
32,0.0004607823211699724,33.36504191836609,0.8498903274973175,0.0005332831642590463,32.730421267705424,0.8179940692996579,0.6346206506606649,0.03189625819765962,7.25008430890739e-05
33,0.0002736691094469279,35.627742210548384,0.8921221606260692,0.00031457754084840417,35.02272286905948,0.8705392676074977,0.6050193414889051,0.021582893018571525,4.0908431401476264e-05
34,0.0003914043481927365,34.07374353983019,0.8427474188982031,0.00043391023064032197,33.62600110049958,0.8192052565880712,0.44774243933061086,0.023542162310131953,4.2505882447585464e-05
35,0.0003147668030578643,35.02011076849878,0.8959586211518276,0.00034594122553244233,34.60997680383999,0.87960563572638,0.41013396465879026,0.016352985425447608,3.117442247457802e-05
36,0.0003421032743062824,34.65842769117056,0.8728289416689827,0.0003979508765041828,34.00170534408375,0.851586575731505,0.6567223470868058,0.021242365937477747,5.5847602197900414e-05
37,0.00040719087701290846,33.90201960797369,0.8785247330077941,0.00046142429346218705,33.35899544104407,0.8572980434758565,0.5430241669296194,0.021226689531937626,5.423341644927859e-05
38,0.0004919494385831058,33.08079530713818,0.8644556157363268,0.0006010251236148179,32.21107373555946,0.8286800813232489,0.8697215715787223,0.0357755344130779,0.00010907568503171206
39,0.00034684347338043153,34.5986647328938,0.8910874659604138,0.00040197864291258156,33.9579702032749,0.8693978150479182,0.640694529618905,0.02168965091249553,5.513516953215003e-05
40,0.0005131679936312139,32.897404384678396,0.8214342663266331,0.0005611743545159698,32.50902184305635,0.7968869480817261,0.3883825416220432,0.024547318244906968,4.800636088475585e-05
41,0.0007204422727227211,31.424008124105406,0.8522209118937986,0.0007850007386878133,31.05129934582276,0.8294916200598269,0.3727087782826466,0.022729291833971654,6.455846596509218e-05
42,0.0005737444153055549,32.41281528755397,0.8643626574444816,0.0006248316494747996,32.042369803405215,0.8446326503580891,0.3704454841487532,0.019730007086392498,5.1087234169244766e-05
43,0.0002278242027387023,36.42400140847238,0.8906055220493632,0.00025695859221741557,35.90136855736262,0.8745585204753098,0.5226328511097549,0.016047001574053366,2.9134389478713274e-05
44,0.0004084908287040889,33.88817689652787,0.8515554145403779,0.00045179040171206,33.45062999904738,0.8276732927943835,0.4375468974804875,0.023882121745994356,4.329957300797105e-05
45,0.0007221134728752077,31.41394552054507,0.8072115193326748,0.0007936631445772946,31.003637866067272,0.7741138725777116,0.4103076544777977,0.033097646754963184,7.154967170208693e-05
46,0.0006485849735327065,31.880331173149482,0.8905075834816581,0.0007606871076859534,31.1879394421336,0.8638951298208664,0.6923917310158814,0.02661245366079179,0.00011210213415324688
47,0.00036207959055900574,34.4119595449094,0.8790120278982136,0.0003904281766153872,34.08458847493539,0.8610893566618851,0.32737106997401355,0.017922671236328513,2.8348586056381464e-05
48,0.00031740241684019566,34.98389770661308,0.8863478200352461,0.0003658937057480216,34.36645061359016,0.8643309205266912,0.6174470930229177,0.0220168995085549,4.849128890782595e-05
49,0.0005888268351554871,32.30012405711357,0.8606976602089838,0.000683181919157505,31.654636360456795,0.8267733864804396,0.645487696656776,0.03392427372854412,9.435508400201797e-05
50,0.0008468563319183886,30.72190260917608,0.843524183221441,0.0009424137533642352,30.257583845193988,0.812864484928554,0.46431876398209226,0.03065969829288695,9.555742144584656e-05
51,0.0003256698837503791,34.872224008633154,0.8742852008607948,0.00036313588498160243,34.39930832113182,0.852896964211153,0.4729156875013345,0.021388236649641734,3.7466001231223345e-05
52,0.0004921112558804452,33.07936701393757,0.8643145423073539,0.0005670832470059395,32.463531826211536,0.839352952774337,0.6158351877260344,0.02496158953301697,7.497199112549424e-05
53,0.00028116570319980383,35.51037655983228,0.9001782968183802,0.0003146686649415642,35.02146502465008,0.8844767081646535,0.4889115351822042,0.015701588653726728,3.350296174176037e-05
54,0.00040731666376814246,33.90067822090498,0.8723088216042315,0.0004525624681264162,33.44321465762343,0.8502757167015484,0.45746356328155,0.022033104902683065,4.5245804358273745e-05
55,0.0004666015738621354,33.31053800650522,0.8721664632254906,0.0005420070374384522,32.65995074530166,0.8469842478081675,0.6505872612035617,0.02518221541732313,7.540546357631683e-05
56,0.0001649677287787199,37.826010047804864,0.9168894693039675,0.00017902301624417305,37.47091129996364,0.9066833877616638,0.3550987478412253,0.010206081542303735,1.4055287465453148e-05
57,0.00042319908970966935,33.734552751280994,0.8473125763635247,0.0004646704765036702,33.32854920159097,0.8252010008840218,0.40600354969002694,0.022111575479502932,4.1471386794000864e-05
58,0.00039096272666938603,34.07864645093709,0.8827816120746703,0.0004179948882665485,33.78829029256556,0.8689147244670344,0.29035615837153017,0.01386688760763588,2.7032161597162485e-05
59,0.0003252320166211575,34.87806707981191,0.8856463517227307,0.00034349225461483,34.64083051372885,0.8731567474658777,0.23723656608306243,0.01248960425685297,1.826023799367249e-05
60,0.00032140291295945644,34.92950191429286,0.9035310242524046,0.0003561801859177649,34.483302437327524,0.887028773947608,0.446199476965333,0.016502250304796573,3.477727295830846e-05
61,0.0002437186922179535,36.131111609433106,0.9118663154082222,0.000274493737379089,35.61467559602706,0.897925238911604,0.5164360134060431,0.013941076496618132,3.0775045161135495e-05
62,0.0005441450630314648,32.64285306780153,0.8612630494140233,0.0006180905038490891,32.089479287227206,0.8348876930621751,0.5533737805743257,0.026375356351848178,7.394544081762433e-05
63,0.0004033867735415697,33.94278345766491,0.8648120061236864,0.0004681485006585717,33.2961636319376,0.8354974230063729,0.6466198257273064,0.029314583117313497,6.476172711700201e-05
64,0.0005607462953776121,32.512335869422756,0.8414619582213008,0.0006386393215507269,31.9474434510324,0.8123239982725438,0.5648924183903574,0.02913795994875701,7.789302617311478e-05
65,0.00037771440111100674,34.22836456517953,0.858615695195284,0.0004190987383481115,33.776836465612355,0.837588262061618,0.4515280995671773,0.021027433133666062,4.1384337237104774e-05
66,0.0003691823221743107,34.327591027868536,0.8751607084953674,0.0004370745737105608,33.594444573364385,0.8469437525182906,0.7331464545041513,0.028216955977076852,6.789225153625011e-05
67,0.0006605329690501094,31.80105500654757,0.8470699529941361,0.0007069509010761976,31.506107476346852,0.8282111500372955,0.2949475302007194,0.018858802956840615,4.641793202608824e-05
68,0.00045322420191951096,33.436869071063995,0.8843251437531823,0.0005111424834467471,32.91458021295347,0.8653299036318053,0.522288858110528,0.01899524012137699,5.7918281527236104e-05
69,0.0003193782758899033,34.95694627903249,0.9013778665274466,0.0003476733108982444,34.588286466031846,0.8892003029355371,0.3686598130006473,0.012177563591909468,2.8295035008341074e-05
70,0.0007603361154906452,31.18994380306638,0.8477948492335636,0.0008748273248784244,30.5807766040968,0.8146165689852441,0.6091671989695797,0.03317828024831948,0.00011449120938777924
71,0.0008476380608044565,30.717895507504842,0.8603959565673773,0.000963593483902514,30.161061454885033,0.8310061054854423,0.5568340526198092,0.029389851081935037,0.00011595542309805751
72,0.0007397849694825709,31.30894496671736,0.8442309563450461,0.0007957355701364577,30.992312281288026,0.8214664544808324,0.3166326854293331,0.022764501864213638,5.5950600653886795e-05
73,0.00039848312735557556,33.99590062853821,0.889990166722687,0.00042556406697258353,33.71035049355729,0.8778033292253152,0.28555013498091597,0.012186837497371816,2.708093961700797e-05
74,0.0003982128982897848,33.998846770927415,0.8701006264540446,0.00045441172551363707,33.42550470738567,0.8466239745193807,0.5733420635417446,0.023476651934663972,5.619882722385228e-05
75,0.0002978843403980136,35.25952326786593,0.9035988340500438,0.000332830473780632,34.777769167897375,0.8879285423124955,0.4817540999685548,0.015670291737548303,3.494613338261843e-05
76,0.0002334967430215329,36.317191729036125,0.8956257252248384,0.0002646236098371446,35.77371410471418,0.8779906618833848,0.5434776243219446,0.017635063341453594,3.112686681561172e-05
77,0.0009491745149716735,30.22653930964347,0.8244146458041409,0.0010702963918447495,29.70495938653173,0.7915227547092282,0.5215799231117408,0.03289189109491275,0.00012112187687307596
78,0.0006662252126261592,31.763789358939828,0.8174276067837078,0.0007756291888654232,31.103458556987245,0.7801956349054584,0.6603308019525826,0.03723197187824945,0.00010940397623926401
79,0.00038129507447592914,34.18738804854157,0.8792022656628953,0.00045520038111135364,33.41797383004706,0.8494405970331301,0.7694142184945107,0.029761668629765148,7.39053066354245e-05
80,0.0006681649247184396,31.751163263648337,0.8519990789709718,0.0007253763033077121,31.39436636115383,0.8298271448630263,0.35679690249450857,0.02217193410794549,5.72113785892725e-05
81,0.00041821046033874154,33.78605108747949,0.8849844217077159,0.00048192107351496816,33.17024082391135,0.8631346936796177,0.6158102635681431,0.021849728028098148,6.371061317622662e-05
82,0.0004238120454829186,33.72826704037632,0.843048744898783,0.0004744920879602432,33.23771024930799,0.8145295593888693,0.49055679106833594,0.028519185509913725,5.0680042477324605e-05
83,0.00020873377798125148,36.804072662969666,0.9171636131494731,0.00022690383775625378,36.441581585784014,0.9056246235943656,0.362491077185652,0.01153898955510757,1.81700597750023e-05
84,0.00031025431235320866,35.082821733483726,0.880875756630203,0.00034349135239608586,34.640841920947835,0.8644050852359553,0.4419798125358909,0.016470671394247738,3.32370400428772e-05
85,0.0006214056047610939,32.06624833949023,0.8589726156417403,0.0006998013705015182,31.55025211323441,0.834782120253322,0.5159962262558189,0.02419049538841833,7.83957657404244e-05
86,0.0005869643646292388,32.31388264535459,0.8627235759541823,0.0006564977229572833,31.827667759093107,0.837079648719309,0.48621488626148235,0.0256439272348733,6.953335832804441e-05
87,0.00029984820866957307,35.23098541347608,0.8842509512724972,0.0003420978900976479,34.65849604335179,0.8648694175017962,0.5724893701242877,0.019381533770700954,4.224968142807484e-05
88,0.0006257511558942497,32.03598339485571,0.8688813425804264,0.0007981366943567991,30.97922722031608,0.8389935658471708,1.0567561745396326,0.0298877767332556,0.00017238553846254945
89,0.00024589785607531667,36.09245257754648,0.8852341474023631,0.0002837518695741892,35.470612683254146,0.8651164979317417,0.6218398942923358,0.020117649470621335,3.785401349887252e-05
90,0.0002655624703038484,35.758333001307804,0.8969812932296851,0.0003073867119383067,35.12314910605314,0.8779829408336723,0.6351838952546629,0.018998352396012774,4.1824241634458303e-05
91,0.0005471509066410363,32.61892876805821,0.881548080719704,0.0006437409901991487,31.912888362951023,0.8519547431118029,0.7060404051071885,0.02959333760790117,9.659008355811238e-05
92,0.0003079630550928414,35.11501380680385,0.8990542704937761,0.000348285015206784,34.580652104484585,0.880739710823899,0.5343617023192664,0.01831455966987705,4.032196011394262e-05
93,0.0009250412113033235,30.338389186740073,0.8445832895992231,0.0010399079183116555,29.830051148739322,0.811975979320875,0.5083380380007512,0.03260731027834818,0.00011486670700833201
94,0.0004934640019200742,33.067445235165266,0.8709819405133831,0.000590717070735991,32.28620478576247,0.8392208638128316,0.7812404494027945,0.031761076700551505,9.725306881591678e-05
95,0.0005996728432364762,32.22085618161708,0.844556771580537,0.0006808286416344345,31.669621822975298,0.8137456856106599,0.551234358641782,0.03081108596987714,8.115579839795828e-05
96,0.00031537897302769125,35.01167265358604,0.8938001539576694,0.0003489821683615446,34.57196763241479,0.875904154736029,0.43970502117124965,0.017895999221640424,3.3603195333853364e-05
97,0.00039440783439204097,34.04054466957399,0.9057864802471232,0.0004532910534180701,33.43622852504311,0.8914732340216263,0.6043161445308769,0.0143132462254969,5.888321902602911e-05
98,0.00023566745221614838,36.27700393288096,0.913520691477561,0.00028114821179769933,35.51064674412666,0.894285204752632,0.7663571887542986,0.01923548672492903,4.5480759581550956e-05
99,0.0002439787203911692,36.12648050791202,0.899149033140358,0.0002732981229200959,35.63363351140285,0.883871054364816,0.4928469965091722,0.015277978775542045,2.931940252892673e-05
100,0.00033671659184619784,34.72735483048466,0.8906207867334648,0.00035686002229340374,34.47502101721681,0.8779294255778526,0.2523338132678461,0.012691361155612202,2.01434304472059e-05
101,0.0004600828106049448,33.37163992335888,0.8627377255121027,0.0005294156726449728,32.76203206135391,0.8352246734400174,0.6096078620049639,0.02751305207208532,6.933286204002798e-05
102,0.00024273066082969308,36.14875361747555,0.9148231595416735,0.00026692551909945905,35.736099040158564,0.9016776331766712,0.4126545773169852,0.013145526365002325,2.4194858269765973e-05
103,0.00032578158425167203,34.87073469088055,0.8970962349580823,0.00037938141031190753,34.20923953354456,0.8765487088307096,0.6614951573359917,0.02054752612737276,5.35998260602355e-05
104,0.00019970427092630416,36.996126470977885,0.9138855386792701,0.00022710025950800627,36.437823695106445,0.8992772453515376,0.5583027758714394,0.014608293327732502,2.7395988581702113e-05
105,0.000584907247684896,32.32912997186763,0.8477016782707294,0.000654200732242316,31.84288974107981,0.8225030594560778,0.4862402307878213,0.025198618814651574,6.929348455742002e-05
106,0.0014128568582236767,28.499018359098272,0.8077588756454115,0.0015843091532588005,28.001600686721652,0.7703180087957834,0.4974176723766206,0.03744086684962811,0.00017145229503512383
107,0.00024472319637425244,36.11324863586984,0.9124850530683062,0.00028741711867041886,35.4148736869068,0.8935684548382027,0.6983749489630355,0.0189165982301035,4.269392229616642e-05
108,0.0005937152891419828,32.264217671350835,0.8517900207634452,0.0007119380170479417,31.475578153881795,0.8157770625484565,0.7886395174690399,0.03601295821498873,0.00011822272790595889
109,0.00032817956525832415,34.83888464635282,0.8717251600146001,0.0003614543820731342,34.419465057388535,0.8533453110586641,0.41941958896428133,0.01837984895593603,3.327481681481004e-05
110,0.00043313339119777083,33.63378334270755,0.8526654097058982,0.00047479855129495263,33.234906148344805,0.8296486914441131,0.39887719436274693,0.023016718261785085,4.16651600971818e-05
111,0.0003960494650527835,34.0225056897883,0.889678333949541,0.00045212317490950227,33.44743231348006,0.8688413890875081,0.5750733763082394,0.020836944862032913,5.607370985671878e-05
112,0.00034482256160117686,34.62404326204822,0.8891362778017937,0.00036555645056068897,34.37045548189097,0.876793090159084,0.2535877801572468,0.012343187642709696,2.0733888959512115e-05
113,0.00042471420601941645,33.71903212301858,0.8850528234113468,0.00045265877270139754,33.44229058417558,0.8740076099766318,0.2767415388429981,0.011045213434714984,2.7944566681981087e-05
114,0.0006512397085316479,31.86259126745366,0.8520182338128148,0.000752708874642849,31.23372963485194,0.818841786752724,0.6288616326017191,0.03317644706009082,0.00010146916611120105
115,0.00046838156413286924,33.29400207436,0.840862278775957,0.0005299383774399757,32.757746283118806,0.8125639069427358,0.5362557912411958,0.028298371833221148,6.15568133071065e-05
116,0.00029764490318484604,35.26301549825308,0.8998682176140136,0.00033138899016194046,34.79661924375777,0.8838714837087621,0.4663962544953151,0.01599673390525147,3.374408697709441e-05
117,0.0005562161677516997,32.547563914817516,0.8828041612137603,0.0006096197757869959,32.149409531253745,0.8619567350873097,0.39815438356377086,0.02084742612645052,5.34036080352962e-05
118,0.0005084603326395154,32.937429227564664,0.8658151611219449,0.0005836291238665581,32.33863044367777,0.8368113517673024,0.5987987838868918,0.02900380935464253,7.516879122704268e-05
119,0.0001850281551014632,37.32762181462719,0.9304882644224404,0.00020956942171324044,36.7867208499938,0.9168278935733427,0.5409009646333942,0.013660370849097658,2.4541266611777246e-05
120,0.00029002284281887114,35.37567794792436,0.8720741632285116,0.00031717875390313566,34.9869591142902,0.8534918390079288,0.38871883363415805,0.018582324220582813,2.7155911084264517e-05
121,0.0003293581248726696,34.823316185627036,0.8949295227871135,0.00036569745861925185,34.36878057740901,0.8778433556479743,0.4545356082180234,0.01708616713913913,3.633933374658227e-05
122,0.00048381934175267816,33.15316773740672,0.8438546190812214,0.0005433626938611269,32.649101826395736,0.8160271290915592,0.5040659110109829,0.027827489989662224,5.9543352108448744e-05
123,0.0006947332294657826,31.58181928089096,0.8975129261088006,0.0008454038761556149,30.729357652731043,0.8695742145964542,0.8524616281599187,0.027938711512346392,0.0001506706466898322
124,0.0008247863734140992,30.83658522797224,0.8254174039091187,0.0008911914192140102,30.500290037299806,0.8014239951479912,0.3362951906724341,0.023993408761127433,6.640504579991102e-05
125,0.00022831468959338963,36.41466145434353,0.8969036374736434,0.0002504324074834585,36.013094714658294,0.8815069968369909,0.4015667396852365,0.015396640636652581,2.211771789006889e-05
126,0.00031098557519726455,35.072597548880104,0.9031180858339747,0.0003894805267918855,34.09514251260337,0.8748818429715549,0.9774550362767371,0.02823624286241977,7.849495159462094e-05
127,0.0006140038603916764,32.11828898335164,0.887815628742706,0.000760114227887243,31.191211382278873,0.8534237947742814,0.9270776010727673,0.0343918339684246,0.0001461103674955666
128,0.0005140939028933644,32.8895754679523,0.8798442133163122,0.0006000372231937945,32.218218074059706,0.8562495934099964,0.6713573938925919,0.02359461990631584,8.594332030043006e-05
129,0.0002577765262685716,35.88756633050044,0.9106291582268777,0.00031434782431460917,35.02589541171689,0.8914778783516465,0.8616709187835525,0.019151279875231242,5.6571298046037555e-05
130,0.0002466495498083532,36.07919672887534,0.9077577438908306,0.00027329966542311013,35.63360899975785,0.8924828217519416,0.44558772911749145,0.015274922138889035,2.6650115614756942e-05
131,0.00023944364511407912,36.207966847375246,0.8900650921238907,0.00026574451476335526,35.75535690991278,0.8735294165537117,0.45260993746246925,0.016535675570178987,2.6300869649276137e-05
132,0.0003848086635116488,34.14755158897872,0.8834948513439855,0.0004272518854122609,33.69316012112587,0.8633401010915571,0.4543914678528509,0.02015475025242841,4.2443221900612116e-05
133,0.00031338882399722934,35.039164953048164,0.881064860939377,0.0003416130202822387,34.66465584912286,0.8620903655318245,0.37450910392530545,0.018974495407552472,2.8224196285009384e-05
134,0.00039862183621153235,33.99438914651025,0.8789069508096002,0.0004544798284769058,33.42485387635804,0.8577180149919639,0.5695352701522083,0.021188935817636367,5.585799226537347e-05
135,0.000371058180462569,34.30557989380032,0.882942189032519,0.00045079493429511786,33.46020972883336,0.8555327139657043,0.8453701649669583,0.02740947506681468,7.973675383254886e-05
136,0.0006121664773672819,32.13130456334605,0.870749195454019,0.0006679082871414721,31.75283167947926,0.8497588566481185,0.3784728838667881,0.02099033880590051,5.574180977419019e-05
137,0.0005546543397940695,32.55977584601923,0.8584564277915449,0.0006325416034087539,31.989109048768082,0.8296583116200829,0.5706667972511461,0.028798116171461996,7.788726361468434e-05
138,0.0004513984895311296,33.45439898491294,0.8734041038496148,0.0005393138853833079,32.681583980546534,0.8423845707330011,0.7728150043664073,0.03101953311661365,8.791539585217834e-05
139,0.0004977987264283001,33.029462188280064,0.860639304747134,0.0005710653495043516,32.43314190694264,0.830986727802249,0.5963202813374266,0.02965257694488499,7.326662307605147e-05
140,0.00025716418167576194,35.89789520910457,0.896514913030179,0.000282770924968645,35.485652475442635,0.8807120481551041,0.41224273366193387,0.015802864875074984,2.560674329288304e-05
141,0.00047742834431119263,33.210918010550095,0.8873792336028529,0.0005549156339839101,32.557730393644334,0.8680878324077992,0.6531876169057611,0.01929140119505368,7.748728967271745e-05
142,0.0005357631598599255,32.71027152653177,0.8744009147435153,0.0005923928692936897,32.27390177775814,0.8559105452962449,0.4363697487736289,0.01849036944727045,5.662970943376422e-05
143,0.0004585171118378639,33.38644451841104,0.863759854352049,0.0005116832908242941,32.90998764816606,0.8426656259108872,0.47645687024498073,0.021094228441161822,5.316617898643017e-05
144,0.0005027672741562128,32.986329989175104,0.8665779927926827,0.0005416156491264701,32.66308795890329,0.8479310985091225,0.323242030271814,0.018646894283560145,3.884837497025728e-05
145,0.00021279757493175566,36.72033325623972,0.9116901685242225,0.00023973616771399975,36.20266441336789,0.8969140386578568,0.5176688428718279,0.014776129866365673,2.6938592782244086e-05
146,0.00047092066961340606,33.270522471193075,0.8583951255337763,0.0005366334225982428,32.70322282096508,0.8319172000752084,0.5672996502279943,0.026477925458567864,6.57127529848367e-05
147,0.0008894242346286774,30.508910412665372,0.8085976593740363,0.0009575207950547338,30.188517854225736,0.7797726930693976,0.3203925584396359,0.02882496630463871,6.809656042605639e-05
148,0.00027529645012691617,35.601993886801594,0.8860550503734799,0.000303709035506472,35.17542287396091,0.8688995429366984,0.42657101284068233,0.017155507436781514,2.841258537955582e-05
149,0.0005341187352314591,32.723621880579465,0.8698704954933579,0.0006039239233359694,32.19017766273432,0.8449728092077194,0.533444217845144,0.024897686285638487,6.980518810451031e-05
150,0.0005302117206156254,32.755506761834056,0.850766990958343,0.0005771226133219898,32.38731908452469,0.8283670441660124,0.36818767730936486,0.022399946792330594,4.691089270636439e-05
151,0.0007569273002445698,31.209458306964976,0.8119348247985232,0.0008308041142299771,30.805013614593364,0.780788516026353,0.4044446923716123,0.031146308772170173,7.387681398540735e-05
152,0.000508897181134671,32.933699547487294,0.8648184646681462,0.0005686742370016873,32.45136446411883,0.8452630872119231,0.4823350833684614,0.019555377456223044,5.9777055867016315e-05
153,0.00020484875130932778,36.885666790192175,0.9128048496425464,0.00022361036099027842,36.50508077276419,0.8991461872585964,0.38058601742798714,0.013658662383949971,1.876160968095064e-05
154,0.0003846236504614353,34.14964014561657,0.9022051479465443,0.00043285946594551206,33.63653080715824,0.8837377160631121,0.5131093384583352,0.01846743188343214,4.823581548407674e-05
155,0.00044728591456077993,33.49414777939228,0.8817192436121583,0.0004977933131158352,33.02950941589216,0.862552781907117,0.46463836350012144,0.019166461705041216,5.050739855505526e-05
156,0.00036740247742272913,34.34857919539756,0.8877700897958856,0.0004094303585588932,33.8781995828859,0.8657044016018267,0.47037961251166394,0.022065688194058852,4.202788113616407e-05
157,0.00022137834457680583,36.54864864445444,0.8933763853941303,0.00023894812329672277,36.21696376087226,0.8802800014512691,0.3316848835821773,0.013096383942861278,1.756977871991694e-05
158,0.00031696504447609186,34.98988629984802,0.9180511103349056,0.00038034887984395027,34.19817858436983,0.8946425189475872,0.7917077154781893,0.023408591387318434,6.338383536785841e-05
159,0.0005132999503985047,32.896287777062284,0.8553453936670561,0.0005611488013528287,32.50921960423933,0.8333098390743148,0.387068172822957,0.022035554592741313,4.784885095432401e-05
160,0.0006225212709978223,32.05845804522745,0.8184464743956374,0.000699597061611712,31.551520232764073,0.7886841163907771,0.5069378124633737,0.02976235800486038,7.70757906138897e-05
161,0.0006424004677683115,31.921941514947513,0.8747694236379056,0.0007715245010331273,31.126502776442155,0.8390065955860034,0.7954387385053572,0.03576282805190212,0.0001291240332648158
162,0.0008268000092357397,30.825995271934783,0.8808719496439116,0.0010337537387385964,29.855829067398997,0.8500080223291784,0.9701662045357864,0.030863927314733197,0.00020695372950285673
163,0.0002959629346150905,35.28762675089976,0.8882171896418212,0.00033626126241870224,34.73323160894714,0.8693774278898636,0.5543951419526181,0.018839761751957562,4.0298327803611755e-05
164,0.00038097798824310303,34.19100115822318,0.8824999674464391,0.00045678409514948726,33.402890262794294,0.8572668812854296,0.7881108954288862,0.0252330861610095,7.580610690638423e-05
165,0.0006353351636789739,31.96997107250723,0.8460760270692764,0.00072198745328933,31.41470349541934,0.8196541625556222,0.5552675770878928,0.026421864513654247,8.665228961035609e-05
166,0.0004603482084348798,33.36913542679456,0.8868002277725491,0.0005215783603489399,32.826804352515936,0.8682142335720232,0.5423310742786214,0.018585994200525868,6.123015191406012e-05
167,0.00030948047060519457,35.09366751412849,0.8838835915074916,0.00033555825939401984,34.74232067039609,0.8666250527917976,0.35134684373240077,0.01725853871569405,2.6077788788825274e-05
168,0.0003379464615136385,34.71152096500104,0.9024736886719427,0.0004101681988686323,33.870380143510175,0.8795613906895737,0.8411408214908676,0.022912297982368934,7.222173735499382e-05
169,0.0006105424254201353,32.14284152381377,0.8424409405421316,0.0006724586710333824,31.723344020225056,0.8158557072560956,0.4194975035887154,0.026585233286036014,6.191624561324716e-05
170,0.00026392631116323173,35.78517312230087,0.8949673843961254,0.0003084964118897915,35.107498828642115,0.8745293754277597,0.6776742936587539,0.020438008968365784,4.457010072655976e-05
171,0.0003789041074924171,34.21470686750284,0.8916691155011448,0.0004368599329609424,33.59657785210126,0.8688115607834481,0.6181290154015784,0.022857554717696682,5.795582546852529e-05
172,0.0004379592719487846,33.58566274861934,0.8484759862727174,0.00048459367826581,33.1462225572097,0.8251102608739167,0.43944019140964485,0.023365725398800663,4.663440631702542e-05
173,0.0003943895862903446,34.04074560962946,0.8917977982460982,0.00046000818838365376,33.3723443758324,0.8695800628583679,0.6684012337970628,0.02221773538773031,6.561860209330916e-05
174,0.0007248936453834176,31.397257073756624,0.8343873567426839,0.0008096500532701612,30.917026512119197,0.8042846970500755,0.48023056163742694,0.03010265969260839,8.475640788674355e-05
175,0.0003868827479891479,34.12420636058454,0.8740806016220013,0.00043657084461301565,33.5994527102376,0.8517219744645483,0.5247536503469377,0.02235862715745296,4.968809662386775e-05
176,0.0003297126677352935,34.81864366712325,0.8896884338952963,0.000355019437847659,34.497478680184976,0.8749646997132189,0.3211649869382711,0.014723734182077397,2.5306770112365484e-05
177,0.00029927061405032873,35.239359252658474,0.9003755885558801,0.00034233281621709466,34.65551467152273,0.8813753331497309,0.5838445811357431,0.019000255406149136,4.306220216676593e-05
178,0.00042802985990419984,33.685259329978514,0.8868557738359626,0.0004808765952475369,33.17966359965495,0.8641899704967863,0.505595730323563,0.022665803339176338,5.284673534333706e-05
179,0.00028174769249744713,35.50139632122067,0.8626749512680162,0.00030435388907790184,35.16621144397974,0.8462649166437095,0.33518487724092694,0.01641003462430668,2.2606196580454707e-05
180,0.0011057853698730469,29.56329160305618,0.8377920796619186,0.0012464332394301891,29.043309779091327,0.8064181980444431,0.5199818239648515,0.03137388161747545,0.00014064786955714226
181,0.00020348619727883488,36.914650441731006,0.9109467259937089,0.0002204218617407605,36.56745333765234,0.897824157118493,0.347197104078667,0.013122568875215901,1.6935664461925626e-05
182,0.00041326138307340443,33.8377517517241,0.8606814874452007,0.0004644375294446945,33.33072693816757,0.8407521894273375,0.5070248135565265,0.01992929801786314,5.117614637129009e-05
183,0.00024863757425919175,36.04433239892478,0.8916746490319364,0.00029906159033998847,35.242393615409284,0.8657468541761076,0.8019387835154959,0.025927794855828745,5.042401608079672e-05
184,0.0004145345010329038,33.82439317985452,0.8845555250518744,0.00044164579594507813,33.549258992846866,0.8707345431238079,0.2751341870076516,0.013820981928066467,2.7111294912174344e-05
185,0.0003923367476090789,34.06341012450576,0.8839731964510642,0.0004475704045034945,33.49138638823242,0.8614224364696321,0.5720237362733371,0.022550759981432078,5.523365689441562e-05
186,0.00029267100035212934,35.336203080103196,0.9083699004790198,0.0003536503354553133,34.51425925630954,0.8896051077170283,0.8219438237936529,0.0187647927619915,6.0979335103183985e-05
187,0.0001389377866871655,38.57179623823597,0.920642895641061,0.0001508744026068598,38.213844364972985,0.9116806114924427,0.3579518732629836,0.008962284148618327,1.1936615919694304e-05
188,0.00025929580442607403,35.8620451033958,0.9007766013529509,0.00029210190405137837,35.344656120907715,0.8823875325139501,0.517388982488086,0.01838906883900082,3.280609962530434e-05
189,0.00035431014839559793,34.50616408126636,0.8599422582773328,0.00040487799560651183,33.92675825717018,0.8373358223754155,0.5794058240961846,0.022606435901917354,5.0567847210913897e-05
190,0.0004925066605210304,33.07587891850693,0.8743814471957734,0.0005417736247181892,32.661821416398176,0.853200692912521,0.41405750210875425,0.02118075428325239,4.9266964197158813e-05
191,0.00038675605901516974,34.12562873811551,0.8758875420277008,0.0004367016372270882,33.59815179873125,0.8546106091587113,0.5274769393842575,0.021276932868989462,4.994557821191847e-05
192,0.00039856770308688283,33.99497896150909,0.8865629874859183,0.00045533088268712163,33.41672892793602,0.8649656276966943,0.5782500335730703,0.021597359789224058,5.67631796002388e-05
193,0.00024406342708971351,36.124972947455724,0.9006211354005035,0.0002694261202123016,35.69560302769786,0.8872654224149993,0.42936991975786754,0.013355712985504198,2.5362693122588098e-05
194,0.0005379004869610071,32.692980625514274,0.8794691395038302,0.0006412932998500764,31.929432975119525,0.850135320657401,0.7635476503947487,0.02933381884642916,0.00010339281288906932
195,0.00041451805736869574,33.8245654582597,0.8862015325629683,0.00046123703941702843,33.36075824168923,0.8684828906918599,0.46380721657046564,0.017718641871108387,4.671898204833269e-05
196,0.0003792500647250563,34.21074336421964,0.8591851210736147,0.0004151012981310487,33.81845908466169,0.8363333419354538,0.3922842795579484,0.022851779138160833,3.585123340599239e-05
197,0.0004940462531521916,33.06232390047139,0.853172690303382,0.0006066903588362038,32.17032906551757,0.8160238720480413,0.8919948349538203,0.037148818255340776,0.00011264410568401217
198,0.0004019963089376688,33.95777934515933,0.8805550114385953,0.00045424175914376974,33.42712942921087,0.8603085767298733,0.5306499159484588,0.020246434708722005,5.224545020610094e-05
199,0.0003685345873236656,34.335217469394806,0.9136376862547585,0.00046824233140796423,33.295293265090024,0.8872334743931026,1.039924204304782,0.02640421186165587,9.970774408429861e-05
200,0.00026990537298843265,35.68788469885864,0.8967088909356188,0.00030858826357871294,35.106205953173564,0.8780930080735935,0.5816787456850747,0.018615882862025313,3.8682890590280294e-05
201,0.000562861911021173,32.49598139140487,0.8527004278877177,0.0006336639635264874,31.981409905023533,0.8277249741393025,0.5145714863813353,0.024975453748415255,7.080205250531435e-05
202,0.0007690155762247741,31.140648635796357,0.8562212853724354,0.0008914750069379807,30.49890828036662,0.8257442392233356,0.6417403554297358,0.03047704614909974,0.00012245943071320653
203,0.00024178961757570505,36.16562351640621,0.8964327843123944,0.0002776680630631745,35.56474069234461,0.8803417515893159,0.6008828240615998,0.016091032723078436,3.5878445487469435e-05
204,0.00016752378724049777,37.75923517380504,0.8959507447620115,0.00018201407510787249,37.398950268208225,0.8843916971436698,0.3602849055968136,0.0115590476183417,1.4490287867374718e-05
205,0.0004044464440084994,33.931389786536215,0.8668759582187144,0.0004665129818022251,33.31136266501347,0.8417377762362536,0.620027121522746,0.025138181982460872,6.206653779372573e-05
206,0.0004567670403048396,33.403052417371825,0.8680542141462665,0.0005200949381105602,32.839173730303,0.8425993932710224,0.5638786870688222,0.02545482087524409,6.332789780572057e-05
207,0.0005242181359790266,32.804879581712434,0.8823699280389982,0.0006175442249514163,32.093319352915984,0.8591239338829434,0.7115602287964506,0.023245994156054772,9.33260889723897e-05
208,0.0003135839942842722,35.036461123505305,0.8862395475592771,0.00037404749309644103,34.27073251595753,0.8621774050932716,0.7657286075477714,0.024062142466005576,6.0463498812168837e-05
209,0.00034840419539250433,34.57916623971941,0.8997344128296703,0.0003914390108548105,34.073358946853766,0.8838543898464291,0.5058072928656472,0.015880022983241204,4.303481546230614e-05
210,0.0005614482215605676,32.5069028949586,0.8560945026276673,0.0006258849170990288,32.035055141753986,0.8314873171548889,0.4718477532046137,0.024607185472778403,6.443669553846121e-05
211,0.00020229864458087832,36.940070270315545,0.9034570153618421,0.0002170099614886567,36.63520330113408,0.8905723573118389,0.30486696918146805,0.012884658050003162,1.4711316907778382e-05
212,0.0003573040012270212,34.46962120374424,0.8809271612759251,0.00039597638533450663,34.02330713126805,0.8610368102593199,0.44631407247619137,0.01989035101660519,3.8672384107485414e-05
213,0.00030819792300462723,35.11170292388102,0.8798247288811005,0.00035743523039855063,34.46802643734054,0.8567163429792846,0.6436764865404783,0.023108385901815964,4.92373073939234e-05
214,0.00045049292384646833,33.463120263465555,0.8781242298709035,0.0005428317235782743,32.65334779707213,0.8477455829600604,0.8097724663934258,0.030378646910843132,9.233879973180592e-05
215,0.00044518272625282407,33.51461695277627,0.8612441349991496,0.0005213022814132273,32.82910374434179,0.8281050211106511,0.6855132084344788,0.03313911388849855,7.611955516040325e-05
216,0.0004564335395116359,33.40622450385182,0.8552160538588918,0.0005097733810544014,32.92622845922479,0.8302758770206187,0.47999604462702905,0.024940176838273098,5.33398415427655e-05
217,0.0003185965761076659,34.96758895783906,0.8905215348449687,0.0003709972370415926,34.30629324730125,0.8705128912775918,0.6612957105378143,0.02000864356737686,5.24006609339267e-05
218,0.0005106251919642091,32.918977628550024,0.8772983089743248,0.0005481415428221226,32.611072821556554,0.8611937210632256,0.30790480699347,0.016104587911099255,3.7516350857913494e-05
219,0.0006179335177876055,32.090582472592715,0.8682978219700156,0.0006784882280044258,31.684576830920417,0.8463503398995449,0.4060056416722979,0.021947482070470703,6.055471021682024e-05
220,0.00045021262485533953,33.46582330685716,0.8740239580186562,0.0004903576918877661,33.09487007845929,0.8563094385509623,0.37095322839787315,0.017714519467693868,4.0145067032426596e-05
221,0.0006193332374095917,32.08075612326552,0.8821059391006387,0.0006675087497569621,31.755430371599992,0.8646774902218581,0.325325751665531,0.01742844887878059,4.8175512347370386e-05
222,0.0005552193615585566,32.55535397611868,0.8634219818790504,0.0006152871646918356,32.10922144495346,0.8408431718018942,0.4461325311652189,0.02257881007715623,6.0067803133279085e-05
223,0.00027952867094427347,35.535736403918975,0.8852059473037838,0.0003011662047356367,35.21193763946401,0.8723767515049553,0.32379876445496336,0.012829195798828463,2.163753379136324e-05
224,0.00044032413279637694,33.56227511558222,0.8459755922683951,0.0004936961340717971,33.06540273545831,0.8223665407621563,0.49687238012390367,0.02360905150623882,5.337200127542019e-05
225,0.0007112885941751301,31.479541553489906,0.8294786715998799,0.0008147467160597444,30.889773813384316,0.7928166701226291,0.5897677401055894,0.03666200147725074,0.00010345812188461423
226,0.00020263211627025157,36.9329171981705,0.8851452033232935,0.00021789807942695916,36.61746597647043,0.8729921340771185,0.3154512217000729,0.012153069246174986,1.5265963156707585e-05
227,0.000634499650914222,31.975686125071313,0.8692115937646685,0.000789723068010062,31.025251759502666,0.82579080629123,0.9504343655686469,0.04342078747343847,0.00015522341709583998
228,0.0002559225249569863,35.918914881104264,0.8751957324370783,0.0002846845309250057,35.456361307330255,0.8560639422262241,0.4625535737740094,0.019131790210854205,2.8762005968019366e-05
229,0.00032521068351343274,34.87835195812535,0.8866053913543248,0.0003725422720890492,34.288244410541886,0.8698911471895572,0.5901075475834645,0.016714244164767633,4.733158857561648e-05
230,0.00037624413380399346,34.245302626311,0.8873251984261084,0.00041696542757563293,33.79899952785415,0.8672441781127643,0.4463030984568519,0.020081020313344022,4.0721293771639466e-05
231,0.00028148197452537715,35.505494111672085,0.8872531193622144,0.00031737983226776123,34.98420673715709,0.8701514939266215,0.5212873745149977,0.017101625435592904,3.5897857742384076e-05
232,0.0004095740441698581,33.876675735922355,0.8733178144703317,0.00047752499813213944,33.21003888443221,0.8452072298577568,0.6666368514901464,0.028110584612574985,6.795095396228135e-05
233,0.00034129127743653953,34.66874811075555,0.883441305630714,0.0003796046075876802,34.20668524807021,0.8647707349667563,0.46206286268534313,0.01867057066395772,3.831333015114069e-05
234,0.0007989362347871065,30.974878814935035,0.8590088843909821,0.0008838690700940788,30.536120634337824,0.830937675117745,0.43875818059721183,0.02807120927323714,8.493283530697227e-05
235,0.0004617650411091745,33.35578949348843,0.885853129422443,0.0005173460813239217,32.86218836160078,0.867911943672054,0.493601131887651,0.017941185750388944,5.558104021474719e-05
236,0.0004589629534166306,33.38222368441071,0.8724072719986724,0.0005632888060063124,32.49268879224429,0.8398544532786884,0.8895348921664237,0.032552818719984056,0.00010432585258968174
237,0.0002382989478064701,36.22877875248394,0.9063856554943723,0.0002902263368014246,35.372631797392806,0.8825520486518335,0.856146955091134,0.02383360684253888,5.1927388994954526e-05
238,0.00044487378909252584,33.517631810980156,0.8508155273675738,0.0005158344865776598,32.87489626080003,0.8203084955980309,0.6427355501801273,0.030507031769542947,7.0960697485134e-05
239,0.0003762603737413883,34.24511517453822,0.8746658123990716,0.0004181999247521162,33.786160496621626,0.8543093205083339,0.4589546779165943,0.020356491890737738,4.193955101072788e-05
240,0.00039535388350486755,34.0301399083271,0.8492712830045671,0.00043915159767493606,33.57385532904687,0.8288049444261397,0.45628457928022925,0.02046633857842739,4.37977141700685e-05
241,0.0007297761621885002,31.368103267744335,0.8608888917240791,0.0008176210103556514,30.874479570279988,0.8366913039304713,0.4936236974643471,0.02419758779360781,8.784484816715121e-05
242,0.00023148480977397412,36.35477502476648,0.9074661452900381,0.0002636247081682086,35.7901388801493,0.8908986988398193,0.5646361446171824,0.016567446450218792,3.213989839423448e-05
243,0.0005295863375067711,32.76063227537306,0.8689130611017019,0.0005829998408444226,32.34331563800846,0.848099682758261,0.4173166373645998,0.02081337834344088,5.341350333765149e-05
244,0.0003004123573191464,35.222822068039,0.8659129803154284,0.00033118081046268344,34.79934835388387,0.8476335910143663,0.42347371415512924,0.0182793893010621,3.0768453143537045e-05
245,0.00037486758083105087,34.26122116460212,0.8652778669369068,0.0004160147509537637,33.80891269988052,0.8432283056394636,0.4523084647215967,0.022049561297443176,4.114717012271285e-05
246,0.0002753368462435901,35.60135666378188,0.9160829588449997,0.0003293530025985092,34.8233837289039,0.8961900880735981,0.7779729348779796,0.01989287077140156,5.4016156354919076e-05
247,0.0010458182077854872,29.80543801336035,0.8545502617238633,0.0011939742835238576,29.23005027179814,0.8297177008847962,0.57538774156221,0.02483256083906704,0.00014815607573837042
248,0.0003928169026039541,34.058098331312884,0.8596994280674963,0.0004399431636556983,33.56603426479903,0.8343393111424268,0.4920640665138549,0.025360116925069565,4.712626105174422e-05
249,0.0005386327393352985,32.68707252705913,0.8294042416727353,0.0005695252912119031,32.44486985211072,0.8095963148839944,0.24220267494840897,0.01980792678874088,3.089255187660456e-05
250,0.00029153647483326495,35.353071018729516,0.8932708008961942,0.0003310635220259428,34.800886690080986,0.8726424830032123,0.5521843286485293,0.020628317892981807,3.9527047192677855e-05
251,0.000355952768586576,34.48607624788515,0.8547127543186714,0.000389012333471328,34.10036629333344,0.8349993729896197,0.3857099545517144,0.01971338132905176,3.3059564884752035e-05
252,0.00038430991116911173,34.15318415143899,0.8503233128733126,0.0004130291345063597,33.84019312728409,0.8329239773196868,0.3129910241549041,0.017399335553625828,2.8719223337247968e-05
253,0.00034697577939368784,34.597008400298634,0.8669160586391099,0.00040240641101263463,33.953351088536415,0.8436471205276331,0.6436573117622189,0.02326893811147679,5.543063161894679e-05
254,0.0003625887620728463,34.40585660376702,0.8871779298692395,0.0003907369973603636,34.08115465179796,0.8719291222489243,0.32470195196906104,0.015248807620315219,2.814823528751731e-05
255,0.000589700706768781,32.29368351710751,0.8512663694605551,0.0006343909772112966,31.976430025114038,0.8326957745884698,0.31725349199347264,0.018570594872085344,4.469027044251561e-05
256,0.0007471356075257063,31.266005651791048,0.8523006078479167,0.000874957419000566,30.580130819983346,0.8187948627903642,0.6858748318077019,0.03350574505755255,0.00012782181147485971
257,0.0004391322727315128,33.574046445303836,0.8862071673175744,0.0004997451324015856,33.012514272877375,0.8637989207194415,0.5615321724264604,0.022408246598132897,6.0612859670072794e-05
258,0.00048012210754677653,33.18648296187627,0.9110143466876497,0.0005429865559563041,32.65210923166719,0.8942343786598359,0.534373730209083,0.016779968027813785,6.286444840952754e-05
259,0.00048035357031039894,33.18438976982007,0.881351591058463,0.0005627776845358312,32.49663131697655,0.8556229437022529,0.687758452843525,0.025728647356210055,8.242411422543228e-05
260,0.00039606456994079053,34.022340057840815,0.8521616545094911,0.0004428061074577272,33.537863976919205,0.8284879094627808,0.48447608092160976,0.02367374504671027,4.674153751693666e-05
261,0.0002599548897705972,35.851020090424214,0.8782995453637366,0.0002799654030241072,35.528956336722935,0.8635513990262367,0.32206375370127915,0.014748146337499879,2.001051325351e-05
262,0.0004400113539304584,33.56536116955342,0.8664861208492315,0.000511445221491158,32.9120087471446,0.840334027832776,0.6533524224088225,0.02615209301645549,7.143386756069958e-05
263,0.0004027466638945043,33.94968048322049,0.8738143471437808,0.0004478500923141837,33.48867331929509,0.855505810490264,0.46100716392540164,0.018308536653516838,4.51034284196794e-05
264,0.00028864466003142297,35.39636472602691,0.9116102724494519,0.00032925285631790757,34.82470448780073,0.8961747966821956,0.5716602382261797,0.015435475767256346,4.06081962864846e-05
265,0.0002502292627468705,36.01661903649938,0.8599341276160086,0.0002611004456412047,35.831923869309776,0.8483077247737958,0.18469516718960222,0.011626402842212835,1.0871182894334197e-05
266,0.0004172409826423973,33.79613040462894,0.8544876582284068,0.00047593645285815,33.22451030505182,0.8318025321919369,0.5716200995771175,0.022685126036469883,5.869547021575272e-05
267,0.0003027817001566291,35.188703767319424,0.8901971949445115,0.00035379777546040714,34.51244902088555,0.8686521006466819,0.6762547464338766,0.021545094297829692,5.101607530377805e-05
268,0.00038656636024825275,34.12775941808278,0.891120078492293,0.0004509358841460198,33.45885203445898,0.8692566934150554,0.6689073836238038,0.021863385077237618,6.436952389776707e-05
269,0.00027211656561121345,35.65245018916494,0.8916837013543805,0.0002930888149421662,35.330007550913685,0.877466187303552,0.3224426382512533,0.014217514050828495,2.0972249330952764e-05
270,0.0005057408125139773,32.96071998049446,0.8567289473663877,0.0005843390244990587,32.33335108797287,0.829262060428724,0.6273688925215879,0.027466886937663748,7.859821198508143e-05
271,0.00026069668820127845,35.838644859204535,0.8878835682156256,0.0002991355722770095,35.241319389412226,0.867612287246724,0.5973254697923096,0.020271280968901628,3.843888407573104e-05
272,0.0005402015522122383,32.67444172247344,0.8626788748578578,0.0006165888626128435,32.100043241594115,0.8367289983171419,0.5743984808793243,0.0259498765407159,7.63873104006052e-05
273,0.0003723945701494813,34.28996660051892,0.9073445574866704,0.00041484576649963856,33.82113337524502,0.8936458981531844,0.4688332252739045,0.013698659333486018,4.245119635015726e-05
274,0.00044655270176008344,33.501272786949826,0.8724208591662066,0.0005146095063537359,32.885221953529616,0.8497909625918001,0.6160508334202106,0.022629896574406505,6.805680459365249e-05
275,0.00022739733685739338,36.43214625817639,0.8927641806759098,0.0002637726429384202,35.78770249111797,0.8726595208815704,0.6444437670584193,0.020104659794339397,3.637530608102679e-05
276,0.00010169056622544304,39.927193344545174,0.9386185761150678,0.00010952090087812394,39.605029925147804,0.9330034360962348,0.3221634193973699,0.005615140018833009,7.830334652680904e-06
277,0.00035150954499840736,34.54062877517968,0.856955780288594,0.00039635522989556193,34.01915406929902,0.8337758462400534,0.5214747058806566,0.023179934048540574,4.484568489715457e-05
278,0.0009467481286264956,30.237655446470516,0.8486430097294619,0.0010914881713688374,29.619809664478133,0.8179707624737792,0.6178457819923828,0.03067224725568274,0.00014474004274234176
279,0.00041727296775206923,33.7957974933185,0.8768320680295808,0.0004605712601915002,33.36703165654594,0.8590116783735278,0.42876583677256264,0.017820389656053037,4.329829243943095e-05
280,0.00022477289894595742,36.48256053190812,0.8926505501620078,0.00024391811166424304,36.12755950798193,0.8792940492030195,0.35500102392619226,0.013356500958988327,1.914521271828562e-05
281,0.0004015507875010371,33.96259518040241,0.8867966880007189,0.00045322440564632416,33.43686711888645,0.8640182100235665,0.525728061515963,0.022778477977152378,5.167361814528704e-05
282,0.0005469321622513235,32.62066537262447,0.8497024766899297,0.000593621633015573,32.26490280693824,0.8291769694807142,0.3557625656862342,0.020525507209215532,4.668947076424956e-05
283,0.0005255298456177115,32.794026147089745,0.8687841030279111,0.0005841682432219386,32.334620560039376,0.8453037695581095,0.4594055870503695,0.023480333469801606,5.8638397604227066e-05
284,0.0005280990735627711,32.7728459438791,0.8609821851362234,0.0005751269054599106,32.4023631485846,0.8424976038559578,0.37048279529449957,0.018484581280265533,4.702783189713955e-05
285,0.0002607433998491615,35.837866759804996,0.9157964059798267,0.00028998739435337484,35.37620880313999,0.9015600519715319,0.4616579566650074,0.014236354008294816,2.9243994504213333e-05
286,0.0004674572264775634,33.30258122020617,0.8518389482449092,0.0005387511337175965,32.68611802925359,0.8227185777287412,0.6164631909525795,0.029120370516168004,7.129390724003315e-05
287,0.0005044285790063441,32.97200315926976,0.8877761284680574,0.0006019563879817724,32.20434972438134,0.859186237487525,0.7676534348884232,0.02858989098053244,9.752780897542834e-05
288,0.0001386716030538082,38.58012463942408,0.9207677711111721,0.00014799620839767158,38.29749410909517,0.912207164441993,0.28263053032890895,0.008560606669179127,9.324605343863368e-06
289,0.0004955187323503196,33.04939923009983,0.8704469633310644,0.0005423123948276043,32.65750469428243,0.8514253028104188,0.39189453581739997,0.019021660520645578,4.679366247728467e-05
290,0.00021453615045174956,36.6849951644486,0.9085508518470855,0.0002382617094554007,36.229457466102915,0.8947727351030947,0.4555376983456867,0.013778116743990765,2.3725559003651142e-05
291,0.0008302599308080971,30.807859210660858,0.839348886460695,0.0008993427036330104,30.460747844227946,0.8141456915398091,0.3471113664329124,0.025203194920885963,6.908277282491326e-05
292,0.00047110349987633526,33.26883669331425,0.8790937911341639,0.0005718960310332477,32.42682917452874,0.8488651219094705,0.8420075187855076,0.03022866922469336,0.00010079253115691245
293,0.000905395660083741,30.431615915794463,0.8040457269321339,0.001028597354888916,29.87754596832569,0.7643815746639891,0.554069947468772,0.03966415226814479,0.00012320169480517507
294,0.00046248905709944665,33.348985385953256,0.9103046203845823,0.000625319080427289,32.038983194436575,0.8869300375949436,1.3100021915166806,0.023374582789638665,0.00016283002332784235
295,0.00042498012771829963,33.71631377300426,0.8546917456472066,0.0004663991858251393,33.31242216379312,0.8312914696920265,0.4038916092111364,0.023400275955180128,4.141905810683966e-05
296,0.0002915753866545856,35.352491397891,0.8981369468612505,0.0003297197981737554,34.81854974666171,0.8795611491402798,0.5339416512292914,0.01857579772097062,3.814441151916981e-05
297,0.0005646668723784387,32.482076905086736,0.8457507086140286,0.0006635983008891344,31.780947346359497,0.8138075631000216,0.7011295587272386,0.03194314551400701,9.89314285106957e-05
298,0.0005358163034543395,32.709840761094185,0.8357792322830371,0.0005918472306802869,32.27790380159922,0.8087718586270305,0.431936959494962,0.027007373656006584,5.603092722594738e-05
299,0.00034465885255485773,34.626105621825594,0.8893601691067015,0.00039243476931005716,34.062325215506256,0.8679920826400727,0.5637804063193386,0.0213680864666288,4.777591675519943e-05
300,0.00041205433080904186,33.85045516940369,0.8841561332195901,0.00045962960575707257,33.37592005216941,0.8645195708972034,0.4745351172342751,0.01963656232238664,4.757527494803071e-05
301,0.0002991686051245779,35.24083983456447,0.8906468781720596,0.00035094781196676195,34.54757460913041,0.8675448915202074,0.693265225434061,0.023101986651852147,5.177920684218407e-05
302,0.0003848467022180557,34.147122305924505,0.8861725108190677,0.00043383269803598523,33.62677718247519,0.8638809377694109,0.5203451234493173,0.022291573049656788,4.8985995817929506e-05
303,0.00033716345205903053,34.72159508274272,0.8968682329810393,0.0003711371391545981,34.30465584258443,0.8810233529640231,0.41693924015829253,0.015844880017016227,3.3973687095567584e-05
304,0.0006034853286109865,32.193332836126,0.8633233683213402,0.0006473741377703846,31.88844654405119,0.8456260811824017,0.304886292074805,0.017697287138938478,4.388880915939808e-05
305,0.0004033223376609385,33.943477242997574,0.8729210755506036,0.0004480148490983993,33.487075914156435,0.8501844566706926,0.4564013288411388,0.022736618879910964,4.469251143746078e-05
306,0.0002548852644395083,35.93655271465191,0.8870243396436323,0.00028413679683580995,35.46472519786675,0.8708721478653006,0.47182751678516155,0.016152191778331604,2.9251532396301627e-05
307,0.0006173216970637441,32.09488458575639,0.8584321723002664,0.0006700585363432765,31.738872556567713,0.8402761392128231,0.35601202918867614,0.01815603308744329,5.273683927953243e-05
308,0.0005770818679593503,32.38762571106187,0.8285301016087754,0.0006603699293918908,31.802127109945005,0.8001169346945314,0.5854986011168677,0.028413166914244004,8.328806143254042e-05
309,0.0005196040729060769,32.843274533771044,0.8525698875193203,0.0006070099771022797,32.16804170597138,0.8219546843062335,0.6752328277996611,0.03061520321308675,8.740590419620275e-05
310,0.00028369700885377824,35.47145243143685,0.905344552162497,0.0003324655699543655,34.78253323452777,0.8866640244010167,0.6889191969090831,0.018680527761480326,4.876856110058725e-05
311,0.000663895218167454,31.77900459431054,0.8275470008230894,0.0007358752191066742,31.33195821868675,0.7985389802277629,0.44704637562378835,0.029008020595326478,7.198000093922019e-05
312,0.000365630752639845,34.3695728356154,0.8882133258562719,0.00041934457840397954,33.77428967489626,0.8640407916451024,0.5952831607191413,0.024172534211169494,5.3713825764134526e-05
313,0.0005375677719712257,32.69566775807292,0.8757567436634159,0.0006453271489590406,31.902200637088043,0.8419499515766244,0.7934671209848787,0.03380679208679149,0.0001077593769878149
314,0.00039612592081539333,34.02166738260262,0.8786436054152025,0.0004376104043330997,33.58912361055938,0.8579651505725889,0.432543772043239,0.020678454842613547,4.1484483517706394e-05
315,0.0006253059254959226,32.03907455857971,0.8691430623544025,0.0006832326762378216,31.654313712850666,0.848729454942053,0.3847608457290477,0.020413607412349544,5.7926750741899014e-05
316,0.0006311611505225301,31.99859740839414,0.8834109810957154,0.0007710278150625527,31.129299543611253,0.8496463625174422,0.8692978647828866,0.033764618578273176,0.0001398666645400226
317,0.00017542546265758574,37.559073694129616,0.9062157638267871,0.00019088920089416206,37.19218640096302,0.8943529178277538,0.36688729316659874,0.011862845999033311,1.546373823657632e-05
318,0.00033464611624367535,34.75414210862866,0.8781981850045442,0.0003518737794365734,34.53613094262498,0.8660504247207825,0.2180111660036843,0.012147760283761633,1.7227663192898035e-05
319,0.00035643737646751106,34.480167615866534,0.8688202864923824,0.00040707807056605816,33.903222925817246,0.8440515683768419,0.5769446900492881,0.02476871811554049,5.06406940985471e-05
320,0.00016443691856693476,37.84000670190857,0.9238835389755149,0.00018101937894243747,37.422749294553725,0.9120255322254407,0.41725740735484607,0.011858006750074201,1.6582460375502706e-05
321,0.0003852156805805862,34.14296042806547,0.8427735105134544,0.00041952423634938896,33.772429444687624,0.8200068423495466,0.3705309833778472,0.02276666816390782,3.430855576880276e-05
322,0.0003773312782868743,34.23277193144179,0.8568742568733547,0.00042735051829367876,33.69215764989156,0.8296086108766284,0.5406142815502264,0.027265645996726318,5.0019240006804466e-05
323,0.0011909233871847391,29.241161760429225,0.8232024690443995,0.0014254145789891481,28.460588035984454,0.7843277382415494,0.7805737244447712,0.03887473080285009,0.00023449119180440903
324,0.00020408561977092177,36.901875953532965,0.8965681538994963,0.00021576962899416685,36.66009685178997,0.8867518410308888,0.241779101742992,0.009816312868607513,1.1684009223245084e-05
325,0.0004632636846508831,33.34171742909044,0.9028756615549169,0.0006528497906401753,31.851867308233274,0.8702373991779031,1.489850120857163,0.03263826237701384,0.00018958610598929226
326,0.0002461056283209473,36.08878454071358,0.9018029763638119,0.00026348966639488935,35.792364123894956,0.890008735407276,0.2964204168186271,0.011794240956535917,1.7384038073942065e-05
327,0.00041443604277446866,33.82542481792312,0.9041510324517089,0.0004631845513358712,33.342459341283536,0.886286216393602,0.4829654766395848,0.017864816058106858,4.874850856140256e-05
328,0.00047827837988734245,33.203192505473204,0.8507575921365028,0.0005388071294873953,32.68566666333333,0.823069175547288,0.5175258421398752,0.027688416589214837,6.0528749600052834e-05
329,0.0006652122247032821,31.770397782853586,0.8589327386295079,0.0007474978337995708,31.263900615590593,0.8328825369478929,0.5064971672629923,0.02605020168161498,8.228560909628868e-05
330,0.0001652160135563463,37.81947860998029,0.9144131401538732,0.00019519173656590283,37.095385721190915,0.898634559565346,0.7240928887893716,0.015778580588527213,2.9975723009556532e-05
331,0.000987434177659452,30.054918447972444,0.869290571313154,0.0012300098314881325,29.100914172240326,0.8339764700899865,0.9540042757321174,0.03531410122316747,0.00024257565382868052
332,0.00043492208351381123,33.615885401279584,0.8757002011823897,0.0004882952780462801,33.11317475446288,0.8539917507442653,0.502710646816702,0.021708450438124416,5.3373194532468915e-05
333,0.00045932523789815605,33.378796913580885,0.9015730402869896,0.0004961734521202743,33.043664764727424,0.8892791503593283,0.3351321488534609,0.012293889927661339,3.684821422211826e-05
334,0.0007386442739516497,31.3156466452064,0.8655714828919785,0.0008803480304777622,30.553456030370345,0.8324192280614494,0.7621906148360544,0.03315225483052908,0.00014170375652611256
335,0.000646942004095763,31.891346504443177,0.8753995496305275,0.0007432264974340796,31.288788153165306,0.8478618741851291,0.6025583512778709,0.027537675445398313,9.628449333831668e-05
336,0.0005138588603585958,32.891561506246866,0.8295760102842652,0.0005757285980507731,32.39782197386673,0.8003011483111564,0.4937395323801326,0.0292748619731088,6.18697376921773e-05
337,0.000735845067538321,31.332136169074158,0.8384704264292417,0.0008402206003665924,30.75606674719165,0.8043799968845895,0.576069421882508,0.034090429544652245,0.00010437553282827139
338,0.0004836777225136757,33.15443915117614,0.857392009812963,0.0005363358068279922,32.70563207719568,0.8339044772941635,0.44880707398046127,0.023487532518799537,5.265808431431651e-05
339,0.00048806736594997346,33.11520229962126,0.8687131967823787,0.0005676811560988426,32.458955217304045,0.8398246003512079,0.6562470823172148,0.02888859643117081,7.961379014886916e-05
340,0.0006254668114706874,32.037957298994876,0.8656799056002672,0.0006699097575619817,31.739836964521245,0.8489813999530437,0.29812033447363007,0.016698505647223527,4.444294609129429e-05
341,0.0002658766461536288,35.7531980818193,0.8877085934034444,0.00029831973370164633,35.253180173242676,0.8693194249707448,0.5000179085766234,0.018389168432699665,3.24430875480175e-05
342,0.0003550811670720577,34.49672361360961,0.8812798268355186,0.00042448786552995443,33.72134720045952,0.8554938986353021,0.7753764131500915,0.025785928200216524,6.940669845789671e-05
343,0.0004524416581261903,33.44437414663009,0.8629671521753912,0.0005045639700256288,32.970837648721954,0.842184193611162,0.47353649790813535,0.02078295856422918,5.21223118994385e-05
344,0.0003278034564573318,34.84386471410937,0.8946900128427462,0.0003533971030265093,34.51737014944586,0.8811550727817391,0.3264945646635127,0.013534940061007084,2.559364656917751e-05
345,0.0004430111439432949,33.535853489638214,0.8845200946539086,0.000498065201099962,33.02713800564762,0.8623583468227995,0.5087154839905921,0.022161747831109024,5.505405715666711e-05
346,0.0003820487763732672,34.17881186937879,0.8748544571188104,0.00044542981777340174,33.512207139723785,0.854012967334446,0.6666047296550062,0.020841489784364398,6.338104140013456e-05
347,0.0004997241194359958,33.01269688609912,0.8732687482801565,0.0006292761536315084,32.011587254946456,0.8348618240760941,1.0011096311526657,0.03840692420406244,0.00012955203419551253
348,0.0005790029536001384,32.37319220851199,0.8757551011464494,0.0006346151931211352,31.97489534804646,0.8557738200025691,0.39829686046552837,0.019981281143880314,5.561223952099681e-05
349,0.0006551765836775303,31.83641632861444,0.8286233030489054,0.0007377972942776978,31.320629417934388,0.7942197689630608,0.5157869106800526,0.03440353408584462,8.262071060016751e-05
350,0.00040972192073240876,33.87510800024277,0.8738714016555865,0.0004693417577072978,33.285108045450514,0.848877650737023,0.5899999547922548,0.024993750918563484,5.961983697488904e-05
351,0.0006485761259682477,31.88039041711578,0.8611140141780017,0.000738995149731636,31.31358412013427,0.8305612069258458,0.5668062969815111,0.030552807252155922,9.04190237633884e-05
352,0.00039411912439391017,34.04372490744067,0.87908001424235,0.00043610058492049575,33.60413330828125,0.8592999120977897,0.4395915991594208,0.019780102144560385,4.198146052658558e-05
353,0.00040277870721183717,33.9493349637271,0.8707581615438136,0.0004682906437665224,33.29484519136909,0.8410989983737278,0.654489772358005,0.029659163170085767,6.551193655468524e-05
354,0.0005655908025801182,32.47497661483399,0.8743458572180598,0.0006360324332490563,31.965207377761843,0.8503842287372164,0.5097692370721489,0.023961628480843378,7.044163066893816e-05
355,0.0005208452930673957,32.83291256248751,0.8757729463968118,0.0005824163090437651,32.34766472244913,0.8559936400929833,0.48524784003837595,0.019779306303828514,6.157101597636938e-05
356,0.000378544966224581,34.218825245568,0.8717535370121116,0.0004188634338788688,33.77927551211427,0.8508450786015409,0.43954973345373105,0.02090845841057065,4.0318467654287815e-05
357,0.0008324402151629329,30.79646947199633,0.8768017385868676,0.0009731308673508465,30.118287515645786,0.8528756895724761,0.6781819563505422,0.02392604901439155,0.00014069065218791366
358,0.00027454851078800857,35.61380907657771,0.8837740075091455,0.00031366400071419775,35.03535322514616,0.8639649081020622,0.5784558514315492,0.019809099407083308,3.9115489926189184e-05
359,0.0003216527693439275,34.92612705088706,0.8723623316162621,0.00037526211235672235,34.25665281110562,0.8450328929953476,0.6694742397814437,0.027329438620914526,5.360934301279485e-05
360,0.0008543745498172939,30.683516969242888,0.8340129415964445,0.0009657879127189517,30.15118234297352,0.8038312346739953,0.5323346262693676,0.030181706922449147,0.00011141336290165782
361,0.00018900494615081698,37.23526830441046,0.9120294861858413,0.0002073727227980271,36.83248370017281,0.899697319272324,0.4027846042376524,0.01233216691351735,1.836777664721012e-05
362,0.00018996305880136788,37.213308459869445,0.9032800117273807,0.0002091013448080048,36.79643174065075,0.891030512876294,0.41687671921869196,0.012249498851086726,1.9138286006636918e-05
363,0.00022813797113485634,36.41802425017447,0.9186880267909352,0.0002651312097441405,35.76539146571442,0.902081352994267,0.6526327844600459,0.016606673796668248,3.699323860928416e-05
364,0.00033887545578181744,34.69959885292254,0.8939619013254732,0.0003686072595883161,34.3343611575802,0.8789519672010477,0.3652376953423442,0.015009934124425417,2.9731803806498647e-05
365,0.00020511625916697085,36.879999125881334,0.9018470944520872,0.0002197521971538663,36.580667740151476,0.8909700099055702,0.2993313857298574,0.010877084546517035,1.4635937986895442e-05
366,0.0006430034409277141,31.917867030136936,0.8734792381443321,0.0007408590172417462,31.30264428807877,0.8475146654075864,0.6152227420581653,0.025964572736745795,9.785557631403208e-05
367,0.00039267775719054043,34.0596369817698,0.8511945318425156,0.0004323747707530856,33.64139655242275,0.8289204001931278,0.4182404293470512,0.02227413164938774,3.969701356254518e-05
368,0.0002663489431142807,35.74549022177618,0.9102061218369348,0.00029223490855656564,35.34267907197216,0.8978140262497183,0.4028111498040232,0.012392095587216545,2.588596544228494e-05
369,0.000556963263079524,32.54173449652146,0.8824697532959497,0.0006530131795443594,31.850780534176856,0.8627376290424744,0.6909539623446008,0.01973212425347526,9.60499164648354e-05
370,0.00031303358264267445,35.04409068287297,0.8925504204593109,0.00034147509722970426,34.666409626415174,0.8778541660469673,0.3776810564577957,0.014696254412343568,2.8441514587029815e-05
371,0.0007491540163755417,31.254288877933934,0.8716876626983356,0.0008877995423972607,30.516850831610643,0.8429511757585925,0.737438046323291,0.028736486939743178,0.00013864552602171898
372,0.0004840748733840883,33.150874594657935,0.872621750611,0.0005402023671194911,32.67443517103991,0.8494385964776149,0.47643942361802516,0.02318315413338512,5.612749373540282e-05
373,0.00032881752122193575,34.83045048895781,0.867534404505646,0.0003622385556809604,34.4100532644511,0.8486335194118779,0.4203972245067078,0.018900885093768083,3.342103445902467e-05
374,0.00047843094216659665,33.20180740437591,0.8672166764811888,0.0005270936526358128,32.78112213612094,0.8458911966818576,0.4206852682549709,0.021325479799331193,4.866271046921611e-05
375,0.0003853231610264629,34.14174885605018,0.8955305269842997,0.0004795988788828254,33.191218407849725,0.8671668343249015,0.9505304482004533,0.0283636926593982,9.427571785636246e-05
376,0.0004147785948589444,33.821836639862504,0.8824558724252606,0.00046581163769587874,33.31789665384924,0.8605913869841753,0.5039399860132647,0.021864485441085324,5.103304283693433e-05
377,0.0006041603628546,32.18847770883657,0.8705998195390223,0.0007085555116645992,31.49626119354125,0.8448638465987302,0.6922165152953212,0.025735972940292173,0.00010439514880999923
378,0.0006452439702115953,31.9027604523596,0.8687159559392621,0.000728928716853261,31.37314939982359,0.8412591348114621,0.529611052536012,0.027456821127800013,8.36847466416657e-05
379,0.0003454455581959337,34.61620387184452,0.8869492415721946,0.0004218386020511389,33.748536809011384,0.8562695565274312,0.8676670628331351,0.030679685044763372,7.639304385520518e-05
380,0.0006495969137176871,31.873560471267368,0.8425712203321302,0.000717430841177702,31.442199576497497,0.8171726109427979,0.4313608947698704,0.02539860938933225,6.783392746001482e-05
381,0.0005798638449050486,32.366739691061326,0.8742301993528372,0.0006347543094307184,31.973943419617186,0.8547611431246231,0.39279627144414064,0.019469056228214043,5.489046452566981e-05
382,0.00027709067217074335,35.573780938242614,0.901948026303264,0.0003149351687170565,35.01778839119177,0.8840448458789961,0.5559925470508418,0.01790318042426786,3.784449654631317e-05
383,0.0006173143046908081,32.094936592449365,0.8658605190884379,0.0007019033655524254,31.537226751866715,0.8381363491883959,0.5577098405826497,0.027724169900042006,8.458906086161733e-05
384,0.0003414962557144463,34.66614053714423,0.8766699170312566,0.0003968353266827762,34.01389673462201,0.8511711753927595,0.6522438025222215,0.02549874163849708,5.5339070968329906e-05
385,0.00041914856410585344,33.77632017282845,0.8820177936235908,0.0004492193693295121,33.47541526204949,0.8666974605575832,0.30090491077896075,0.015320333066007552,3.007080522365868e-05
386,0.0006985559011809528,31.557988342126478,0.8469831547651219,0.0008650826057419181,30.629424202750787,0.8028630074913484,0.9285641393756912,0.04412014727377345,0.0001665267045609653
387,0.00030009422334842384,35.227423644286944,0.8857819360344992,0.00033097952837124467,34.80198867222321,0.8693196112796858,0.4254349720637336,0.01646232475481335,3.088530502282083e-05
388,0.0002717486349865794,35.658326287293775,0.8925006561729886,0.0002864202542696148,35.42996274050968,0.8822206031314972,0.2283635467840952,0.010280053041491377,1.4671619283035398e-05
389,0.0004989083972759545,33.019791862594175,0.8832827383592089,0.0005922576528973877,32.27489318803369,0.8551239482992341,0.7448986745604884,0.028158790059974792,9.334925562143326e-05
390,0.0005660715396516025,32.47128679566869,0.8805977672826657,0.00066497822990641,31.77192572420622,0.8564452436506811,0.6993610714624694,0.024152523631984613,9.890669025480747e-05
391,0.0005734400474466383,32.41511980420303,0.8709934166518961,0.0006444713799282908,31.907963642922695,0.8462254509589595,0.507156161280335,0.0247679656929366,7.10313324816525e-05
392,0.000279008352663368,35.54382795072958,0.9132445411868889,0.00033583599724806845,34.7387275498677,0.8917167987113536,0.8051004008618818,0.02152774247553535,5.6827644584700465e-05
393,0.000682698271702975,31.657711965928975,0.8662059815311484,0.0008070003241300583,30.931262908443887,0.8358206440737821,0.7264490574850875,0.030385337457366268,0.00012430205242708325
394,0.0003274548798799515,34.84848533135184,0.9070543278523918,0.0003730341559275985,34.28251401296532,0.8906283007599116,0.5659713183865165,0.0164260270924802,4.5579276047647e-05
395,0.00039580586599186063,34.02517773674297,0.8608230704875166,0.00047549878945574164,33.22850584369807,0.8297798419740423,0.7966718930448948,0.031043228513474297,7.969292346388102e-05
396,0.0003443342284299433,34.63019804250342,0.8713924253711843,0.0003979867324233055,34.001314056433706,0.846585645908287,0.6288839860697166,0.024806779462897333,5.365250399336219e-05
397,0.00021131262474227697,36.75074555516933,0.8986196293991415,0.0002278486208524555,36.42353595819654,0.8863017952617271,0.32720959697279284,0.012317834137414385,1.653599611017853e-05
398,0.0007474326412193477,31.264279399465067,0.8136146533037908,0.0008047773153521121,30.943242737844816,0.7845289329607119,0.32103666162025135,0.02908572034307888,5.734467413276434e-05
399,0.0004489609273150563,33.47791453628845,0.8761405830069324,0.0005354647291824222,32.71269130669525,0.8470811073634701,0.7652232295932038,0.02905947564346234,8.650380186736584e-05
400,0.0004264096496626735,33.70172975773623,0.8658764366182136,0.000475798238767311,33.22577169896596,0.8422429047695938,0.4759580587702743,0.023633531848619715,4.9388589104637504e-05
401,0.00038284948095679283,34.16971937358743,0.8849925994634023,0.00042034030775539577,33.76398962132575,0.8669667244690864,0.40572975226167785,0.01802587499431585,3.749082679860294e-05
402,0.0010743013117462397,29.6887389398471,0.8286820414318619,0.0012226199032738805,29.12708538521979,0.7929205849140124,0.5616535546273091,0.035761456517849455,0.00014831859152764082
403,0.0002885003632400185,35.398536357039646,0.9063158474080315,0.00032464551622979343,34.88590590912605,0.8905546292352262,0.5126304479135939,0.01576121817280529,3.614515298977494e-05
404,0.00046966594527475536,33.28210928672266,0.8693706153607544,0.0005270462715998292,32.781512545819226,0.8432081998667684,0.5005967409034326,0.026162415493986013,5.738032632507384e-05
405,0.0002924891305156052,35.33890268538401,0.8971966032594046,0.00032354664290323853,34.900631020267916,0.8809977321092675,0.4382716651160905,0.016198871150137184,3.1057512387633324e-05
406,0.0001892927975859493,37.22865910221021,0.9055357574670706,0.000209734687814489,36.78329736055481,0.8929539543642364,0.44536174165539677,0.012581803102834188,2.0441890228539705e-05
407,0.00022873416310176253,36.406689655264834,0.8801131473973821,0.0002551663783378899,35.93176550422159,0.861532452261214,0.4749241510432469,0.018580695136168113,2.6432215236127377e-05
408,0.0005721775814890862,32.42469162305517,0.8833885189711204,0.0006400718120858073,31.937712981364136,0.8609991797488474,0.48697864169103156,0.02238933922227293,6.789423059672117e-05
409,0.0006108743837103248,32.14048086107975,0.8631052146680612,0.0006548507371917367,31.838576792467244,0.8470971530153859,0.30190406861250807,0.01600806165267532,4.3976353481411934e-05
410,0.0003393472288735211,34.6935569292854,0.8885311032642021,0.0004041699576191604,33.93435971189635,0.8622795960574361,0.7591972173890511,0.026251507206766056,6.482272874563932e-05
411,0.00040413739043287933,33.934709671582716,0.8804791438133246,0.00045852066250517964,33.38641088762144,0.8549476014869426,0.548298783961279,0.025531542326381995,5.4383272072300315e-05
412,0.0006913515389896929,31.60301066053345,0.8835477099621232,0.0008703932398930192,30.60284490679627,0.8500436553931987,1.0001657537371784,0.03350405456892447,0.00017904170090332627
413,0.00047688023187220097,33.21590680012682,0.865060099037396,0.0005499274702742696,32.59694585663538,0.8339782203548909,0.6189609434914374,0.031081878682505115,7.304723840206861e-05
414,0.0006132475100457668,32.12364206473519,0.8906190146150412,0.0006971161346882582,31.566948654416787,0.869860194965802,0.556693410318406,0.020758819649239202,8.386862464249134e-05
415,0.00027936254628002644,35.53831819532638,0.9057096143250519,0.0003105698269791901,35.07840739891973,0.8908783184837232,0.45991079640665333,0.014831295841328695,3.1207280699163675e-05
416,0.0002722321660257876,35.65060561343647,0.8906390098216665,0.0003105063224211335,35.07929552445031,0.8694872220645757,0.5713100889861593,0.021151787757090812,3.8274156395345926e-05
417,0.0003917058929800987,34.070398947031244,0.9018649638136631,0.0004484104865696281,33.483242395068814,0.8882416302072671,0.5871565519624298,0.013623333606396004,5.6704593589529395e-05
418,0.0003272728354204446,34.8509004087776,0.8911317708463806,0.0003535535652190447,34.51544778990915,0.8773702790842284,0.3354526188684446,0.013761491762152245,2.6280729798600078e-05
419,0.0004898506449535489,33.09936315808249,0.8429503039683666,0.0005365993129089475,32.70349887758086,0.8201991678714263,0.3958642805016268,0.02275113609694024,4.674866795539856e-05
420,0.0004412235284689814,33.55341336640293,0.8800405369707455,0.0004953241441398859,33.051105021989265,0.8593684830981599,0.5023083444136631,0.020672053872585527,5.410061567090452e-05
421,0.0003226754197385162,34.91234116339232,0.8993248061407872,0.00039635522989556193,34.01915406929902,0.8740720422420369,0.8931870940932995,0.025252763898750308,7.367981015704572e-05
422,0.0006865156465210021,31.63349560218492,0.8996744987304162,0.0008897357038222253,30.507389814651678,0.867071550087688,1.1261057875332412,0.03260294864272817,0.00020322005730122328
423,0.0005888830637559295,32.29970935785803,0.8610184131552098,0.0007051288848742843,31.517314945350247,0.8272215155677057,0.7823944125077809,0.03379689758750404,0.0001162458211183548
424,0.0007055192836560309,31.514911113625722,0.8721108119339268,0.0008002704125829041,30.967632394468048,0.8528548794547341,0.5472787191576742,0.01925593247919266,9.475112892687321e-05
425,0.00038536021020263433,34.14133129798721,0.8751364882675757,0.00043303024722263217,33.63481767057515,0.8550210627192845,0.5065136274120547,0.020115425548291266,4.7670037019997835e-05
426,0.0006306058494374156,32.002420050968205,0.838644361060456,0.0006853723316453397,31.640734319404316,0.8146023407725872,0.36168573156388817,0.024042020287868837,5.476648220792413e-05
427,0.0004879759799223393,33.11601555136481,0.8739774180240819,0.0005478467792272568,32.61340887210066,0.852298054845893,0.5026066792641473,0.02167936317818886,5.9870799304917455e-05
428,0.0003703638503793627,34.31371409535797,0.9023892794831676,0.00043552322313189507,33.609886824263896,0.8812750692107509,0.7038272710940774,0.021114210272416667,6.515937275253236e-05
429,0.0002839685184881091,35.46729804335847,0.8854950877026402,0.00030873165815137327,35.10418834542856,0.8707335092027928,0.3631096979299073,0.014761578499847383,2.4763139663264155e-05
430,0.00038261228473857045,34.17241089958169,0.8967104108378661,0.00043135054875165224,33.651696451289105,0.875737040762864,0.520714448292587,0.020973370075002107,4.873826401308179e-05
431,0.0003402918518986553,34.68148449722344,0.9055884689850242,0.0004092393210157752,33.88022644559715,0.8851643746349304,0.8012580516262844,0.020424094350093847,6.894746911711991e-05
432,0.0008229720406234264,30.84614919112427,0.8533050724753127,0.0009235892212018371,30.345211441826216,0.8274660141152387,0.5009377492980533,0.025839058360074052,0.00010061718057841063
433,0.00018051362712867558,37.43490007257504,0.9149258115317085,0.00020384733215905726,36.90694967980192,0.9024071594881535,0.5279503927731213,0.012518652043554956,2.333370503038168e-05
434,0.0005250246031209826,32.798203446905724,0.8547595282541015,0.0006186895188875496,32.085272412256074,0.8217325320798233,0.7129310346496496,0.03302699617427818,9.366491576656699e-05
435,0.0007705335156060755,31.13208466191232,0.8436217805370939,0.0008311881101690233,30.803006778244544,0.8215191622692712,0.32907788366777524,0.02210261826782267,6.065459456294775e-05
436,0.0002855226630344987,35.44359414422687,0.8934099149924783,0.0003019777941517532,35.20024991585666,0.8813455887669454,0.24334422837021208,0.012064326225532995,1.6455131117254496e-05
437,0.0005528172478079796,32.57418415505464,0.8663845842438589,0.0006279598455876112,32.02068126003678,0.8405340995244017,0.5535028950178571,0.025850484719457167,7.514259777963161e-05
438,0.00026005925610661507,35.84927684075315,0.8806549632260803,0.0002943387080449611,35.311526207243475,0.8615650017400396,0.537750633509674,0.019089961486040696,3.427945193834603e-05
439,0.0002278200554428622,36.42408046785548,0.9020977509432031,0.0002514055813662708,35.99625084925057,0.8894152353402328,0.4278296186049104,0.01268251560297029,2.3585525923408568e-05
440,0.0002188149665016681,36.59922976457465,0.9149698517132612,0.00024595309514552355,36.09147707781765,0.9027526971823503,0.5077526867570015,0.012217154530910879,2.7138128643855453e-05
441,0.0005641308962367475,32.48620114247865,0.8330766683462151,0.0006329742027446628,31.98613989562334,0.8036401107276819,0.5000612468553101,0.029436557618533143,6.884330650791526e-05
442,0.0008138860575854778,30.894363912110315,0.8443748246887552,0.0009050237713381648,30.43340013473902,0.8158844984869162,0.460963777371294,0.028490326201839,9.113771375268698e-05
443,0.0005171147058717906,32.86413111448282,0.8461495222716703,0.0006209176499396563,32.069659949092866,0.8112181218401211,0.7944711653899503,0.03493140043154919,0.00010380294406786561
444,0.00019270730263087898,37.1510182747116,0.8838943457038204,0.0002042824198724702,36.897690062549344,0.8733169421207212,0.2533282121622591,0.01057740358309922,1.1575117241591215e-05
445,0.00029037403874099255,35.37042214884945,0.8651146214669112,0.0003161784843541682,35.00067686725699,0.8469323784389999,0.3697452815924578,0.01818224302791127,2.580444561317563e-05
446,0.0003690342418849468,34.329333347305486,0.8931485099051668,0.0004504640237428248,33.46339888178526,0.8647076099903519,0.8659344655202261,0.02844089991481491,8.142978185787797e-05
447,0.0008786540711298585,30.5618207437964,0.8255121352404796,0.0009631655411794782,30.162990634028056,0.7949508927280374,0.398830109768344,0.030561242512442188,8.451147004961967e-05
448,0.0001983059337362647,37.02664290583593,0.8897023347662689,0.00022149019059725106,36.5464550313762,0.8744575795435964,0.4801878744597303,0.015244755222672546,2.3184256860986352e-05
449,0.0002337559126317501,36.31237395253875,0.8931530004803234,0.00026964826975017786,35.69202362100688,0.8747213127182757,0.620350331531867,0.018431687762047733,3.5892357118427753e-05
450,0.0004914665478281677,33.08506037522706,0.8816844805507192,0.0005851207533851266,32.327544978202354,0.8570378179190543,0.7575153970247044,0.02464666263166493,9.365420555695891e-05
451,0.00025599056971259415,35.917760331147846,0.8778953154780845,0.00028062608907930553,35.518719561997194,0.8617738763719409,0.3990407691506519,0.01612143910614361,2.4635519366711378e-05
452,0.00031653710175305605,34.99575378404081,0.8551885580961377,0.0003380434063728899,34.71027530675347,0.838222734522484,0.28547847728733444,0.016965823573653727,2.1506304619833827e-05
453,0.0006507214857265353,31.866048533577022,0.8612442846807997,0.0007301317527890205,31.36598764062714,0.8344071038764769,0.5000608929498824,0.026837180804322847,7.941026706248522e-05
454,0.0004912011208944023,33.0874065082923,0.8674057817835691,0.0006136067677289248,32.1210985901488,0.8269276354462909,0.9663079181434995,0.0404781463372782,0.00012240564683452249
455,0.00036486252793110907,34.37870737206459,0.8945244670262646,0.0004134732880629599,33.835525422700286,0.8714512736846669,0.5431819493643033,0.023073193341597742,4.861076013185084e-05
456,0.00027202058117836714,35.65398235840617,0.9081380330771696,0.0003049284568987787,35.15802043993366,0.8953755770843573,0.4959619184725099,0.012762455992812227,3.290787572041154e-05
457,0.00042504575685597956,33.715643149369846,0.8913545700882817,0.0004836823500227183,33.15439760094683,0.8716539922865517,0.5612455484230168,0.019700577801729957,5.863659316673875e-05
458,0.0006010893266648054,32.210609835797655,0.8392457676426267,0.0006794061046093702,31.67870555219519,0.8109690066567405,0.531904283602465,0.028276760985886162,7.831677794456482e-05
459,0.00032529624877497554,34.87720944851321,0.8737640706185293,0.0003728164592757821,34.285049224584654,0.8522153216560822,0.592160223928559,0.021548748962447184,4.752021050080657e-05
460,0.000642074563074857,31.9241453509059,0.8305232292802371,0.0007151991594582796,31.45573004618802,0.8013569462492096,0.4684153047178796,0.02916628303102753,7.312459638342261e-05
461,0.0002969327033497393,35.273419677721954,0.9213984625510875,0.0003654845058917999,34.37131029508648,0.9038654439202221,0.9021093826354729,0.017533018630865427,6.855180254206061e-05
462,0.0004506493569351733,33.4616124432391,0.8697821084586155,0.0005185843328945339,32.85180607968193,0.8459948754377241,0.6098063635571691,0.023787233020891363,6.79349759593606e-05
463,0.0002451977343298495,36.10483547092408,0.9032272331965239,0.00028692602063529193,35.42230064839068,0.881267542489778,0.6825348225333983,0.02195969070674586,4.172828630544245e-05
464,0.00017850726726464927,37.48344098494703,0.8918288310930168,0.00018671879661269486,37.288119602819435,0.882622422460738,0.1953213821275952,0.00920640863227884,8.211529348045588e-06
465,0.0002902704291045666,35.371972050599695,0.9110932211843539,0.0003376324020791799,34.71555881451205,0.891447269923322,0.6564132360876442,0.019645951261031858,4.736197297461331e-05
466,0.00036482245195657015,34.379184421067826,0.863551393922922,0.0004173946799710393,33.794530906657386,0.8378844171646332,0.5846535144104408,0.025666976758288773,5.257222801446915e-05
467,0.0004114545590709895,33.85678121167219,0.8771207718246459,0.0004955288022756577,33.04931097372756,0.8492254928355469,0.807470237944635,0.027895278989098937,8.407424320466816e-05
468,0.0003715880447998643,34.29938267124497,0.8795844278643967,0.00040723528945818543,33.901545947359025,0.8615821046952195,0.3978367238859448,0.01800232316917727,3.564724465832114e-05
469,0.0003125500224996358,35.05080465497485,0.8682018711496453,0.00033953285310417414,34.69118197137371,0.8522738356060828,0.35962268360113825,0.01592803554356248,2.698283060453832e-05
470,0.0006154780858196318,32.107874055710695,0.8595559067871921,0.0006954042473807931,31.577626610666115,0.8321077011067166,0.53024744504458,0.027448205680475457,7.992616156116128e-05
471,0.0003938282607123256,34.046931225527985,0.8704507079849446,0.000451466505182907,33.45374464960304,0.84432971068062,0.5931865759249462,0.0261209973043246,5.763824447058141e-05
472,0.0007306775660254061,31.36274226582442,0.8700276132026281,0.0008837442728690803,30.5367338764417,0.8338594127094439,0.8260083893827179,0.036168200493184255,0.00015306670684367418
473,0.00037672894541174173,34.239710101401016,0.8641559303347977,0.0004306462942622602,33.65879285562352,0.8404170476628887,0.5809172457774991,0.023738882671908934,5.3917348850518465e-05
474,0.0003241838130634278,34.89208673857447,0.9064182793529836,0.00037488751695491374,34.2609902052232,0.888033704056553,0.6310965333512684,0.01838457529643056,5.070370389148593e-05
475,0.00020939114619977772,36.79041685779778,0.9055394870177756,0.0002342501247767359,36.30320169106851,0.8904515433950398,0.48721516672927123,0.0150879436227358,2.485897857695818e-05
476,0.0002996145631186664,35.23437081064813,0.8800686374431823,0.00035298080183565617,34.52248914678948,0.857449252616118,0.711881663858648,0.02261938482706427,5.3366238716989756e-05
477,0.0006507806829176843,31.86565346679808,0.8664749251034,0.0007472657016478479,31.265249507384986,0.8392050334249359,0.600403959413093,0.027269891678464053,9.648501873016357e-05
478,0.0006086667999625206,32.15620386412433,0.8462131026959199,0.0006783328717574477,31.685571366767455,0.8177782188751375,0.47063249735687407,0.02843488382078241,6.966607179492712e-05
479,0.00022809076472185552,36.41892298728323,0.9112354439626442,0.000257313484326005,35.89537454306834,0.895443642538995,0.5235484442148888,0.01579180142364922,2.922271960414946e-05
480,0.0005022371187806129,32.99091193084918,0.8564758099429359,0.0005821130471304059,32.34992666591706,0.8267145289844883,0.6409852649321195,0.029761280958447656,7.987592834979296e-05
481,0.00020431382290553302,36.897022500659475,0.8959455686613609,0.00023583194706588984,36.27397363385825,0.8807974518310541,0.6230488668012271,0.015148116830306813,3.151812416035682e-05
482,0.0002565346076153219,35.908540384175765,0.8813466266482404,0.000280986336292699,35.51314798304745,0.8653612526697305,0.3953924011283121,0.015985373978509854,2.4451728677377105e-05
483,0.0003599581541493535,34.43747983894751,0.8841053902706418,0.00039261076017282903,34.06037801986022,0.8681174996257047,0.3771018190872937,0.01598789064493711,3.265260602347553e-05
484,0.00032437639310956,34.88950759625207,0.9068950025711688,0.0003821503487415612,34.177657397517365,0.8836748363262673,0.7118501987347088,0.02322016624490153,5.777395563200116e-05
485,0.0004648565372917801,33.32681057165435,0.8884605420374799,0.0005377568304538727,32.69414064604681,0.8696664741725502,0.6326699256075372,0.018794067864929764,7.290029316209257e-05
486,0.00023984760628081858,36.200646115079415,0.9045435029592088,0.000266258284682408,35.74696870179019,0.8898820869315007,0.4536774132892276,0.014661416027708096,2.6410678401589394e-05
487,0.00019258989777881652,37.1536649734638,0.9041328784734115,0.00021520824520848691,36.67141093693608,0.8900439613252213,0.4822540365277206,0.014088917148190161,2.2618347429670393e-05
488,0.00038774608401581645,34.11452579585047,0.8590541629133722,0.0004599046951625496,33.37332156695198,0.8288953787290777,0.7412042288984892,0.030158784184294518,7.215861114673316e-05
489,0.00032653193920850754,34.86074332478944,0.893736957212486,0.0003657055785879493,34.368684147467675,0.8771696704065419,0.49205917732176374,0.016567286805944104,3.917363937944174e-05
490,0.0003052669926546514,35.15320151754101,0.87999045047899,0.0003509123926050961,34.54801294238358,0.8579565125125345,0.6051885751574275,0.022033937966455586,4.56453999504447e-05
491,0.00040937846642918885,33.87875005241986,0.8724198998276167,0.00045173164107836783,33.451194886627164,0.8526987919780671,0.4275551657926968,0.019721107849549613,4.235317464917898e-05
492,0.0005490109324455261,32.60419007365039,0.8724261689817625,0.0006456328555941582,31.900143769226514,0.8436636829913121,0.7040463044238798,0.028762485990450393,9.662192314863205e-05
493,0.00029863405507057905,35.24860668526907,0.8946983248590562,0.00035115910577587783,34.54496065573355,0.8730030658629089,0.7036460295355198,0.021695258996147326,5.252505070529878e-05
494,0.0003858474956359714,34.13584314216691,0.8699243313448193,0.00040873800753615797,33.88554976441201,0.8557780030990925,0.25029337775490035,0.014146328245726814,2.289051190018654e-05
495,0.0006682757521048188,31.750442966469524,0.8809101419738983,0.0007835833239369094,31.059148151469852,0.8556788358466001,0.6912948149996723,0.02523130612729818,0.00011530757183209062
496,0.00030022201826795936,35.22557459788905,0.8927053294963765,0.000375604082364589,34.25269696121637,0.8606528777230429,0.9728776366726777,0.0320524517733336,7.538206409662962e-05
497,0.000255714199738577,35.922451550519476,0.887097755513857,0.0002783744130283594,35.55370685696795,0.8721596001244699,0.36874469355152684,0.014938155389387031,2.2660213289782405e-05
498,0.0004044854431413114,33.9309710341428,0.8613364678817318,0.0004477940674405545,33.48921664430275,0.8383806882534818,0.44175438984004956,0.022955779628250017,4.330862429924309e-05
499,0.0004789744270965457,33.19687673364844,0.8698223144691158,0.0005655304994434118,32.47543968310953,0.841826486469088,0.7214370505389098,0.027995828000027867,8.655607234686613e-05
500,0.000332202878780663,34.78596608389322,0.8437587469963878,0.0003665455151349306,34.35872089932462,0.8210575428634413,0.42724518456860494,0.022701204132946406,3.43426363542676e-05
501,0.00035556976217776537,34.49075178741493,0.900195971363475,0.00041696708649396896,33.79898224925985,0.8821289399457156,0.6917695381550786,0.01806703141775934,6.13973243162036e-05
502,0.00037937978049740195,34.20925819078362,0.8260226287017808,0.0003977710730396211,34.00366803102132,0.8080145558209685,0.205590159762302,0.018008072880812298,1.8391292542219162e-05
503,0.0001862100907601416,37.29996788216625,0.9187284856909539,0.00021412843489088118,36.6932565733786,0.9075237774752927,0.6067113087876521,0.011204708215661219,2.791834413073957e-05
504,0.0001812495174817741,37.417231409240415,0.9150068044589391,0.00020716848666779697,36.83676306393764,0.9014992779601357,0.5804683453027764,0.01350752649880338,2.5918969186022878e-05
505,0.0005875033675692976,32.309896396731254,0.8435282852117173,0.0006479450385086238,31.88461831297229,0.815556873886645,0.4252780837589647,0.027971411325072304,6.0441670939326286e-05
506,0.00043193541932851076,33.645811817172216,0.8754978804045412,0.0004910394782200456,33.088835903945665,0.8530027600701087,0.5569759132265517,0.022495120334432572,5.9104058891534805e-05
507,0.00022542041551787406,36.47006754016402,0.9110921745077657,0.0002645716303959489,35.7745672637315,0.8934166105358979,0.6955002764325187,0.017675563971867758,3.9151214878074825e-05
508,0.0008571165380999446,30.669601250863074,0.8198405870461982,0.0009656278998591006,30.151901946714705,0.786477818907872,0.5176993041483691,0.03336276813832617,0.00010851136175915599
509,0.00026227562921121716,35.812420624055015,0.9062076322993405,0.00029223132878541946,35.342732271789565,0.8912453659393667,0.46968835226545025,0.014962266359973886,2.99556995742023e-05
510,0.0004726680344901979,33.254437670940135,0.9040284506093619,0.0005708821699954569,32.434535208285034,0.8842320492368109,0.8199024626551008,0.01979640137255101,9.821413550525904e-05
511,0.0005463173147290945,32.62555034938214,0.8633197369127268,0.0006192617584019899,32.08125738378592,0.8339987501322871,0.5442929655962203,0.029320986780439706,7.294444367289543e-05
512,0.0004360437742434442,33.60469909910091,0.8778177067800349,0.0004530110745690763,33.43891180844896,0.8661330539230844,0.16578729065195574,0.011684652856950528,1.6967300325632095e-05
513,0.0009161311900243163,30.380423308910707,0.8524394763795111,0.0010208376916125417,29.91043303202515,0.8273134428832476,0.4699902768855573,0.025126033496263522,0.00010470650158822536
514,0.00036645354703068733,34.35981070263966,0.8974500360268698,0.00042499497067183256,33.71616209296499,0.8767153308151967,0.6436486096746705,0.020734705211673088,5.854142364114523e-05
515,0.000401198718464002,33.96640462902121,0.8548731474696165,0.0004768245853483677,33.216413602186094,0.827443473195329,0.7499910268351186,0.027429674274287552,7.562586688436568e-05
516,0.00027025662711821496,35.68223647659265,0.8997996047287339,0.0003030883090104908,35.184308152990035,0.8841788346927489,0.49792832360261485,0.015620770035984943,3.283168189227581e-05
517,0.00014982630091253668,38.244119427208595,0.9280170793496162,0.00017102564743254334,37.66938756840564,0.9182666170119727,0.5747318588029557,0.00975046233764354,2.1199346520006657e-05
518,0.0004895111196674407,33.10237438374919,0.899674173109968,0.0005811802111566067,32.35689181593219,0.8781771638075135,0.7454825678170067,0.02149700930245446,9.166909148916602e-05
519,0.00047492096200585365,33.233786611559054,0.8771693921749708,0.0005009612068533897,33.00195903477687,0.8628904775807242,0.23182757678218735,0.014278914594246572,2.6040244847536087e-05
520,0.0003066246572416276,35.133929242585396,0.9094585124694824,0.00035603815922513604,34.48503453002437,0.8909300832503805,0.6488947125610238,0.018528429219101916,4.941350198350847e-05
521,0.0004937542253173888,33.06489174860826,0.865963592868047,0.0005575296236202121,32.53732051987437,0.8428109842537638,0.5275712287338905,0.023152608614283254,6.37753983028233e-05
522,0.000723610573913902,31.404950955450772,0.8802612849050018,0.0008705293876118958,30.602165632459567,0.8466504205835739,0.8027853229912054,0.0336108643214279,0.00014691881369799376
523,0.0005117219407111406,32.909659617155974,0.8523116539956016,0.000582981389015913,32.34345309351972,0.8255467596763579,0.5662065236362537,0.02676489431924367,7.125944830477238e-05
524,0.000442421791376546,33.54163490108619,0.8878825151670505,0.0004890863201580942,33.10614484312103,0.869983325212432,0.43549005796516127,0.017899189954618477,4.666452878154814e-05
525,0.00035829609259963036,34.45757928009363,0.8894778583111185,0.00039402456604875624,34.04476700593649,0.8722270817142475,0.4128122741571403,0.01725077659687102,3.5728473449125886e-05
526,0.0002601022133603692,35.84855952125139,0.8870845868737026,0.00028386845951899886,35.46882859033876,0.8711955761829793,0.3797309309126291,0.01588901069072335,2.3766246158629656e-05
527,0.0012624156661331654,28.987976246598684,0.7997529123908202,0.0013584671542048454,28.6695085773931,0.7687248474728063,0.3184676692055852,0.03102806491801391,9.605148807168007e-05
528,0.0005500217084772885,32.596201692587684,0.8606513432214525,0.0006737051298841834,31.715301457274588,0.8194986250451152,0.8809002353130957,0.041152718176337366,0.00012368342140689492
529,0.00028874800773337483,35.394810035790606,0.9035967511782667,0.00032484825351275504,34.88319463797219,0.8850036429559667,0.5116153978184173,0.01859310822229998,3.61002457793802e-05
530,0.0003461574960965663,34.607262592334635,0.8764057543392283,0.00036759290378540754,34.34632881063365,0.8609319143272581,0.26093378170098447,0.015473840011970164,2.1435407688841224e-05
531,0.00030793165205977857,35.11545668003616,0.8475744372528587,0.0003288682200945914,34.82978092173768,0.8302747374623254,0.28567575829848124,0.017299699790533363,2.0936568034812808e-05
532,0.0005207797512412071,32.833459101832744,0.8670583779862172,0.0005762695800513029,32.39374305222648,0.8469312806081777,0.4397160496062611,0.020127097378039527,5.548982881009579e-05
533,0.0019997297786176205,26.990286861280065,0.8896138840014405,0.0023068864829838276,26.369737756681893,0.8607737324532252,0.6205491045981724,0.028840151548215287,0.0003071567043662071
534,0.0004085278487764299,33.88778332870398,0.8715370806934426,0.00044893199810758233,33.47819438692143,0.8507701727407475,0.4095889417825518,0.02076690795269509,4.040414933115244e-05
535,0.0002662479237187654,35.74713770298742,0.9137587994460974,0.0003078869776800275,35.11608679532353,0.9002704970289427,0.6310509076638908,0.013488302417154707,4.163905396126211e-05
536,0.00034755468368530273,34.58976854514504,0.8782504977862626,0.0004046571266371757,33.92912806607286,0.8542759184086346,0.6606404790721783,0.023974579377628036,5.7102442951872945e-05
537,0.0005477669765241444,32.61404153801019,0.8623697428864323,0.0006150726694613695,32.110735702707075,0.8381836267415766,0.5033058353031166,0.024186116144855663,6.73056929372251e-05
538,0.0007653874927200377,31.16118638906727,0.8210752823142469,0.0008362764492630959,30.776501333946882,0.7942802486697345,0.3846850551203893,0.02679503364451241,7.088895654305816e-05
539,0.000291663222014904,35.35118330847361,0.88933351739546,0.0003286903665866703,34.83213024240736,0.8719115836395152,0.5190530660662489,0.017421933755944807,3.702714457176626e-05
540,0.0003955443389713764,34.02804826726884,0.8882456304306738,0.00046869192738085985,33.29112526582498,0.8627405423524339,0.7369230014438557,0.025505088078239924,7.314758840948343e-05
